{
    "frames": {
        "jukebox_common_0": {
            "frame": {
                "x": 1606,
                "y": 234,
                "w": 16,
                "h": 10
            },
            "rotated": false,
            "trimmed": false,
            "spriteSourceSize": {
                "x": 0,
                "y": 0,
                "w": 16,
                "h": 10
            },
            "sourceSize": {
                "w": 16,
                "h": 10
            }
        },
        "jukebox_common_1": {
            "frame": {
                "x": 716,
                "y": 284,
                "w": 141,
                "h": 45
            },
            "rotated": false,
            "trimmed": false,
            "spriteSourceSize": {
                "x": 0,
                "y": 0,
                "w": 141,
                "h": 45
            },
            "sourceSize": {
                "w": 141,
                "h": 45
            }
        },
        "jukebox_common_2": {
            "frame": {
                "x": 953,
                "y": 234,
                "w": 232,
                "h": 45
            },
            "rotated": false,
            "trimmed": false,
            "spriteSourceSize": {
                "x": 0,
                "y": 0,
                "w": 232,
                "h": 45
            },
            "sourceSize": {
                "w": 232,
                "h": 45
            }
        },
        "jukebox_common_3": {
            "frame": {
                "x": 716,
                "y": 234,
                "w": 232,
                "h": 45
            },
            "rotated": false,
            "trimmed": false,
            "spriteSourceSize": {
                "x": 0,
                "y": 0,
                "w": 232,
                "h": 45
            },
            "sourceSize": {
                "w": 232,
                "h": 45
            }
        },
        "jukebox_common_4": {
            "frame": {
                "x": 862,
                "y": 284,
                "w": 27,
                "h": 27
            },
            "rotated": false,
            "trimmed": false,
            "spriteSourceSize": {
                "x": 0,
                "y": 0,
                "w": 27,
                "h": 27
            },
            "sourceSize": {
                "w": 27,
                "h": 27
            }
        },
        "jukebox_common_5": {
            "frame": {
                "x": 716,
                "y": 0,
                "w": 948,
                "h": 229
            },
            "rotated": false,
            "trimmed": false,
            "spriteSourceSize": {
                "x": 0,
                "y": 0,
                "w": 948,
                "h": 229
            },
            "sourceSize": {
                "w": 948,
                "h": 229
            }
        },
        "jukebox_common_6": {
            "frame": {
                "x": 1190,
                "y": 234,
                "w": 234,
                "h": 39
            },
            "rotated": false,
            "trimmed": false,
            "spriteSourceSize": {
                "x": 0,
                "y": 0,
                "w": 234,
                "h": 39
            },
            "sourceSize": {
                "w": 234,
                "h": 39
            }
        },
        "jukebox_common_7": {
            "frame": {
                "x": 1568,
                "y": 234,
                "w": 33,
                "h": 22
            },
            "rotated": false,
            "trimmed": false,
            "spriteSourceSize": {
                "x": 0,
                "y": 0,
                "w": 33,
                "h": 22
            },
            "sourceSize": {
                "w": 33,
                "h": 22
            }
        },
        "jukebox_common_8": {
            "frame": {
                "x": 1530,
                "y": 234,
                "w": 33,
                "h": 22
            },
            "rotated": false,
            "trimmed": false,
            "spriteSourceSize": {
                "x": 0,
                "y": 0,
                "w": 33,
                "h": 22
            },
            "sourceSize": {
                "w": 33,
                "h": 22
            }
        },
        "jukebox_common_9": {
            "frame": {
                "x": 1214,
                "y": 335,
                "w": 49,
                "h": 49
            },
            "rotated": false,
            "trimmed": false,
            "spriteSourceSize": {
                "x": 0,
                "y": 0,
                "w": 49,
                "h": 49
            },
            "sourceSize": {
                "w": 49,
                "h": 49
            }
        },
        "jukebox_common_10": {
            "frame": {
                "x": 1429,
                "y": 234,
                "w": 96,
                "h": 22
            },
            "rotated": false,
            "trimmed": false,
            "spriteSourceSize": {
                "x": 0,
                "y": 0,
                "w": 96,
                "h": 22
            },
            "sourceSize": {
                "w": 96,
                "h": 22
            }
        },
        "jukebox_common_11": {
            "frame": {
                "x": 0,
                "y": 0,
                "w": 711,
                "h": 330
            },
            "rotated": false,
            "trimmed": false,
            "spriteSourceSize": {
                "x": 0,
                "y": 0,
                "w": 711,
                "h": 330
            },
            "sourceSize": {
                "w": 711,
                "h": 330
            }
        },
        "jukebox_common_12": {
            "frame": {
                "x": 818,
                "y": 335,
                "w": 94,
                "h": 82
            },
            "rotated": false,
            "trimmed": false,
            "spriteSourceSize": {
                "x": 0,
                "y": 0,
                "w": 94,
                "h": 82
            },
            "sourceSize": {
                "w": 94,
                "h": 82
            }
        },
        "jukebox_common_13": {
            "frame": {
                "x": 620,
                "y": 335,
                "w": 94,
                "h": 82
            },
            "rotated": false,
            "trimmed": false,
            "spriteSourceSize": {
                "x": 0,
                "y": 0,
                "w": 94,
                "h": 82
            },
            "sourceSize": {
                "w": 94,
                "h": 82
            }
        },
        "jukebox_common_14": {
            "frame": {
                "x": 917,
                "y": 335,
                "w": 94,
                "h": 82
            },
            "rotated": false,
            "trimmed": false,
            "spriteSourceSize": {
                "x": 0,
                "y": 0,
                "w": 94,
                "h": 82
            },
            "sourceSize": {
                "w": 94,
                "h": 82
            }
        },
        "jukebox_common_15": {
            "frame": {
                "x": 719,
                "y": 335,
                "w": 94,
                "h": 82
            },
            "rotated": false,
            "trimmed": false,
            "spriteSourceSize": {
                "x": 0,
                "y": 0,
                "w": 94,
                "h": 82
            },
            "sourceSize": {
                "w": 94,
                "h": 82
            }
        },
        "jukebox_common_16": {
            "frame": {
                "x": 1115,
                "y": 335,
                "w": 94,
                "h": 82
            },
            "rotated": false,
            "trimmed": false,
            "spriteSourceSize": {
                "x": 0,
                "y": 0,
                "w": 94,
                "h": 82
            },
            "sourceSize": {
                "w": 94,
                "h": 82
            }
        },
        "jukebox_common_17": {
            "frame": {
                "x": 1016,
                "y": 335,
                "w": 94,
                "h": 82
            },
            "rotated": false,
            "trimmed": false,
            "spriteSourceSize": {
                "x": 0,
                "y": 0,
                "w": 94,
                "h": 82
            },
            "sourceSize": {
                "w": 94,
                "h": 82
            }
        },
        "jukebox_common_18": {
            "frame": {
                "x": 0,
                "y": 335,
                "w": 615,
                "h": 249
            },
            "rotated": false,
            "trimmed": false,
            "spriteSourceSize": {
                "x": 0,
                "y": 0,
                "w": 615,
                "h": 249
            },
            "sourceSize": {
                "w": 615,
                "h": 249
            }
        }
    },
    "meta": {
        "app": "https://github.com/Ensighten/spritesmith",
        "image": "jukebox_common.png",
        "format": "RGBA8888",
        "size": {
            "w": 1664,
            "h": 584
        },
        "scale": 1
    }
}