{
    "frames": {
        "record_parts_0": {
            "frame": {
                "x": 1449,
                "y": 490,
                "w": 18,
                "h": 18
            },
            "rotated": false,
            "trimmed": false,
            "spriteSourceSize": {
                "x": 0,
                "y": 0,
                "w": 18,
                "h": 18
            },
            "sourceSize": {
                "w": 18,
                "h": 18
            }
        },
        "record_parts_1": {
            "frame": {
                "x": 1337,
                "y": 490,
                "w": 36,
                "h": 18
            },
            "rotated": false,
            "trimmed": false,
            "spriteSourceSize": {
                "x": 0,
                "y": 0,
                "w": 36,
                "h": 18
            },
            "sourceSize": {
                "w": 36,
                "h": 18
            }
        },
        "record_parts_2": {
            "frame": {
                "x": 1378,
                "y": 490,
                "w": 36,
                "h": 18
            },
            "rotated": false,
            "trimmed": false,
            "spriteSourceSize": {
                "x": 0,
                "y": 0,
                "w": 36,
                "h": 18
            },
            "sourceSize": {
                "w": 36,
                "h": 18
            }
        },
        "record_parts_3": {
            "frame": {
                "x": 1334,
                "y": 557,
                "w": 18,
                "h": 18
            },
            "rotated": false,
            "trimmed": false,
            "spriteSourceSize": {
                "x": 0,
                "y": 0,
                "w": 18,
                "h": 18
            },
            "sourceSize": {
                "w": 18,
                "h": 18
            }
        },
        "record_parts_4": {
            "frame": {
                "x": 1296,
                "y": 490,
                "w": 36,
                "h": 18
            },
            "rotated": false,
            "trimmed": false,
            "spriteSourceSize": {
                "x": 0,
                "y": 0,
                "w": 36,
                "h": 18
            },
            "sourceSize": {
                "w": 36,
                "h": 18
            }
        },
        "record_parts_5": {
            "frame": {
                "x": 1255,
                "y": 449,
                "w": 145,
                "h": 30
            },
            "rotated": false,
            "trimmed": false,
            "spriteSourceSize": {
                "x": 0,
                "y": 0,
                "w": 145,
                "h": 30
            },
            "sourceSize": {
                "w": 145,
                "h": 30
            }
        },
        "record_parts_6": {
            "frame": {
                "x": 1292,
                "y": 405,
                "w": 145,
                "h": 30
            },
            "rotated": false,
            "trimmed": false,
            "spriteSourceSize": {
                "x": 0,
                "y": 0,
                "w": 145,
                "h": 30
            },
            "sourceSize": {
                "w": 145,
                "h": 30
            }
        },
        "record_parts_7": {
            "frame": {
                "x": 950,
                "y": 522,
                "w": 130,
                "h": 30
            },
            "rotated": false,
            "trimmed": false,
            "spriteSourceSize": {
                "x": 0,
                "y": 0,
                "w": 130,
                "h": 30
            },
            "sourceSize": {
                "w": 130,
                "h": 30
            }
        },
        "record_parts_8": {
            "frame": {
                "x": 1355,
                "y": 522,
                "w": 130,
                "h": 30
            },
            "rotated": false,
            "trimmed": false,
            "spriteSourceSize": {
                "x": 0,
                "y": 0,
                "w": 130,
                "h": 30
            },
            "sourceSize": {
                "w": 130,
                "h": 30
            }
        },
        "record_parts_9": {
            "frame": {
                "x": 1220,
                "y": 522,
                "w": 130,
                "h": 30
            },
            "rotated": false,
            "trimmed": false,
            "spriteSourceSize": {
                "x": 0,
                "y": 0,
                "w": 130,
                "h": 30
            },
            "sourceSize": {
                "w": 130,
                "h": 30
            }
        },
        "record_parts_10": {
            "frame": {
                "x": 1085,
                "y": 522,
                "w": 130,
                "h": 30
            },
            "rotated": false,
            "trimmed": false,
            "spriteSourceSize": {
                "x": 0,
                "y": 0,
                "w": 130,
                "h": 30
            },
            "sourceSize": {
                "w": 130,
                "h": 30
            }
        },
        "record_parts_11": {
            "frame": {
                "x": 1258,
                "y": 490,
                "w": 33,
                "h": 21
            },
            "rotated": false,
            "trimmed": false,
            "spriteSourceSize": {
                "x": 0,
                "y": 0,
                "w": 33,
                "h": 21
            },
            "sourceSize": {
                "w": 33,
                "h": 21
            }
        },
        "record_parts_12": {
            "frame": {
                "x": 1220,
                "y": 490,
                "w": 33,
                "h": 21
            },
            "rotated": false,
            "trimmed": false,
            "spriteSourceSize": {
                "x": 0,
                "y": 0,
                "w": 33,
                "h": 21
            },
            "sourceSize": {
                "w": 33,
                "h": 21
            }
        },
        "record_parts_13": {
            "frame": {
                "x": 950,
                "y": 287,
                "w": 291,
                "h": 75
            },
            "rotated": false,
            "trimmed": false,
            "spriteSourceSize": {
                "x": 0,
                "y": 0,
                "w": 291,
                "h": 75
            },
            "sourceSize": {
                "w": 291,
                "h": 75
            }
        },
        "record_parts_14": {
            "frame": {
                "x": 1181,
                "y": 490,
                "w": 34,
                "h": 27
            },
            "rotated": false,
            "trimmed": false,
            "spriteSourceSize": {
                "x": 0,
                "y": 0,
                "w": 34,
                "h": 27
            },
            "sourceSize": {
                "w": 34,
                "h": 27
            }
        },
        "record_parts_15": {
            "frame": {
                "x": 1142,
                "y": 490,
                "w": 34,
                "h": 27
            },
            "rotated": false,
            "trimmed": false,
            "spriteSourceSize": {
                "x": 0,
                "y": 0,
                "w": 34,
                "h": 27
            },
            "sourceSize": {
                "w": 34,
                "h": 27
            }
        },
        "record_parts_16": {
            "frame": {
                "x": 1103,
                "y": 490,
                "w": 34,
                "h": 27
            },
            "rotated": false,
            "trimmed": false,
            "spriteSourceSize": {
                "x": 0,
                "y": 0,
                "w": 34,
                "h": 27
            },
            "sourceSize": {
                "w": 34,
                "h": 27
            }
        },
        "record_parts_17": {
            "frame": {
                "x": 1442,
                "y": 405,
                "w": 42,
                "h": 22
            },
            "rotated": false,
            "trimmed": false,
            "spriteSourceSize": {
                "x": 0,
                "y": 0,
                "w": 42,
                "h": 22
            },
            "sourceSize": {
                "w": 42,
                "h": 22
            }
        },
        "record_parts_18": {
            "frame": {
                "x": 1363,
                "y": 367,
                "w": 120,
                "h": 23
            },
            "rotated": false,
            "trimmed": false,
            "spriteSourceSize": {
                "x": 0,
                "y": 0,
                "w": 120,
                "h": 23
            },
            "sourceSize": {
                "w": 120,
                "h": 23
            }
        },
        "record_parts_19": {
            "frame": {
                "x": 1290,
                "y": 557,
                "w": 39,
                "h": 34
            },
            "rotated": false,
            "trimmed": false,
            "spriteSourceSize": {
                "x": 0,
                "y": 0,
                "w": 39,
                "h": 34
            },
            "sourceSize": {
                "w": 39,
                "h": 34
            }
        },
        "record_parts_20": {
            "frame": {
                "x": 950,
                "y": 557,
                "w": 51,
                "h": 73
            },
            "rotated": false,
            "trimmed": false,
            "spriteSourceSize": {
                "x": 0,
                "y": 0,
                "w": 51,
                "h": 73
            },
            "sourceSize": {
                "w": 51,
                "h": 73
            }
        },
        "record_parts_21": {
            "frame": {
                "x": 950,
                "y": 635,
                "w": 30,
                "h": 78
            },
            "rotated": false,
            "trimmed": false,
            "spriteSourceSize": {
                "x": 0,
                "y": 0,
                "w": 30,
                "h": 78
            },
            "sourceSize": {
                "w": 30,
                "h": 78
            }
        },
        "record_parts_22": {
            "frame": {
                "x": 950,
                "y": 367,
                "w": 408,
                "h": 33
            },
            "rotated": false,
            "trimmed": false,
            "spriteSourceSize": {
                "x": 0,
                "y": 0,
                "w": 408,
                "h": 33
            },
            "sourceSize": {
                "w": 408,
                "h": 33
            }
        },
        "record_parts_23": {
            "frame": {
                "x": 1237,
                "y": 557,
                "w": 48,
                "h": 37
            },
            "rotated": false,
            "trimmed": false,
            "spriteSourceSize": {
                "x": 0,
                "y": 0,
                "w": 48,
                "h": 37
            },
            "sourceSize": {
                "w": 48,
                "h": 37
            }
        },
        "record_parts_24": {
            "frame": {
                "x": 950,
                "y": 449,
                "w": 300,
                "h": 36
            },
            "rotated": false,
            "trimmed": false,
            "spriteSourceSize": {
                "x": 0,
                "y": 0,
                "w": 300,
                "h": 36
            },
            "sourceSize": {
                "w": 300,
                "h": 36
            }
        },
        "record_parts_25": {
            "frame": {
                "x": 0,
                "y": 1031,
                "w": 945,
                "h": 3
            },
            "rotated": false,
            "trimmed": false,
            "spriteSourceSize": {
                "x": 0,
                "y": 0,
                "w": 945,
                "h": 3
            },
            "sourceSize": {
                "w": 945,
                "h": 3
            }
        },
        "record_parts_26": {
            "frame": {
                "x": 0,
                "y": 0,
                "w": 945,
                "h": 480
            },
            "rotated": false,
            "trimmed": false,
            "spriteSourceSize": {
                "x": 0,
                "y": 0,
                "w": 945,
                "h": 480
            },
            "sourceSize": {
                "w": 945,
                "h": 480
            }
        },
        "record_parts_27": {
            "frame": {
                "x": 0,
                "y": 995,
                "w": 945,
                "h": 31
            },
            "rotated": false,
            "trimmed": false,
            "spriteSourceSize": {
                "x": 0,
                "y": 0,
                "w": 945,
                "h": 31
            },
            "sourceSize": {
                "w": 945,
                "h": 31
            }
        },
        "record_parts_28": {
            "frame": {
                "x": 0,
                "y": 869,
                "w": 1066,
                "h": 66
            },
            "rotated": false,
            "trimmed": false,
            "spriteSourceSize": {
                "x": 0,
                "y": 0,
                "w": 1066,
                "h": 66
            },
            "sourceSize": {
                "w": 1066,
                "h": 66
            }
        },
        "record_parts_29": {
            "frame": {
                "x": 950,
                "y": 490,
                "w": 148,
                "h": 27
            },
            "rotated": false,
            "trimmed": false,
            "spriteSourceSize": {
                "x": 0,
                "y": 0,
                "w": 148,
                "h": 27
            },
            "sourceSize": {
                "w": 148,
                "h": 27
            }
        },
        "record_parts_30": {
            "frame": {
                "x": 0,
                "y": 940,
                "w": 1200,
                "h": 50
            },
            "rotated": false,
            "trimmed": false,
            "spriteSourceSize": {
                "x": 0,
                "y": 0,
                "w": 1200,
                "h": 50
            },
            "sourceSize": {
                "w": 1200,
                "h": 50
            }
        },
        "record_parts_31": {
            "frame": {
                "x": 950,
                "y": 0,
                "w": 538,
                "h": 282
            },
            "rotated": false,
            "trimmed": false,
            "spriteSourceSize": {
                "x": 0,
                "y": 0,
                "w": 538,
                "h": 282
            },
            "sourceSize": {
                "w": 538,
                "h": 282
            }
        },
        "record_parts_32": {
            "frame": {
                "x": 1160,
                "y": 557,
                "w": 72,
                "h": 40
            },
            "rotated": false,
            "trimmed": false,
            "spriteSourceSize": {
                "x": 0,
                "y": 0,
                "w": 72,
                "h": 40
            },
            "sourceSize": {
                "w": 72,
                "h": 40
            }
        },
        "record_parts_33": {
            "frame": {
                "x": 1006,
                "y": 557,
                "w": 72,
                "h": 40
            },
            "rotated": false,
            "trimmed": false,
            "spriteSourceSize": {
                "x": 0,
                "y": 0,
                "w": 72,
                "h": 40
            },
            "sourceSize": {
                "w": 72,
                "h": 40
            }
        },
        "record_parts_34": {
            "frame": {
                "x": 1083,
                "y": 557,
                "w": 72,
                "h": 40
            },
            "rotated": false,
            "trimmed": false,
            "spriteSourceSize": {
                "x": 0,
                "y": 0,
                "w": 72,
                "h": 40
            },
            "sourceSize": {
                "w": 72,
                "h": 40
            }
        },
        "record_parts_35": {
            "frame": {
                "x": 950,
                "y": 405,
                "w": 337,
                "h": 39
            },
            "rotated": false,
            "trimmed": false,
            "spriteSourceSize": {
                "x": 0,
                "y": 0,
                "w": 337,
                "h": 39
            },
            "sourceSize": {
                "w": 337,
                "h": 39
            }
        },
        "record_parts_36": {
            "frame": {
                "x": 1324,
                "y": 341,
                "w": 130,
                "h": 6
            },
            "rotated": false,
            "trimmed": false,
            "spriteSourceSize": {
                "x": 0,
                "y": 0,
                "w": 130,
                "h": 6
            },
            "sourceSize": {
                "w": 130,
                "h": 6
            }
        },
        "record_parts_37": {
            "frame": {
                "x": 0,
                "y": 485,
                "w": 408,
                "h": 379
            },
            "rotated": false,
            "trimmed": false,
            "spriteSourceSize": {
                "x": 0,
                "y": 0,
                "w": 408,
                "h": 379
            },
            "sourceSize": {
                "w": 408,
                "h": 379
            }
        },
        "record_parts_38": {
            "frame": {
                "x": 1246,
                "y": 341,
                "w": 73,
                "h": 15
            },
            "rotated": false,
            "trimmed": false,
            "spriteSourceSize": {
                "x": 0,
                "y": 0,
                "w": 73,
                "h": 15
            },
            "sourceSize": {
                "w": 73,
                "h": 15
            }
        },
        "record_parts_39": {
            "frame": {
                "x": 1246,
                "y": 287,
                "w": 232,
                "h": 49
            },
            "rotated": false,
            "trimmed": false,
            "spriteSourceSize": {
                "x": 0,
                "y": 0,
                "w": 232,
                "h": 49
            },
            "sourceSize": {
                "w": 232,
                "h": 49
            }
        },
        "record_parts_40": {
            "frame": {
                "x": 1405,
                "y": 449,
                "w": 79,
                "h": 27
            },
            "rotated": false,
            "trimmed": false,
            "spriteSourceSize": {
                "x": 0,
                "y": 0,
                "w": 79,
                "h": 27
            },
            "sourceSize": {
                "w": 79,
                "h": 27
            }
        },
        "record_parts_41": {
            "frame": {
                "x": 1419,
                "y": 490,
                "w": 25,
                "h": 18
            },
            "rotated": false,
            "trimmed": false,
            "spriteSourceSize": {
                "x": 0,
                "y": 0,
                "w": 25,
                "h": 18
            },
            "sourceSize": {
                "w": 25,
                "h": 18
            }
        },
        "record_parts_42": {
            "frame": {
                "x": 1472,
                "y": 490,
                "w": 12,
                "h": 10
            },
            "rotated": false,
            "trimmed": false,
            "spriteSourceSize": {
                "x": 0,
                "y": 0,
                "w": 12,
                "h": 10
            },
            "sourceSize": {
                "w": 12,
                "h": 10
            }
        },
        "record_parts_43": {
            "frame": {
                "x": 1357,
                "y": 557,
                "w": 18,
                "h": 18
            },
            "rotated": false,
            "trimmed": false,
            "spriteSourceSize": {
                "x": 0,
                "y": 0,
                "w": 18,
                "h": 18
            },
            "sourceSize": {
                "w": 18,
                "h": 18
            }
        }
    },
    "meta": {
        "app": "https://github.com/Ensighten/spritesmith",
        "image": "record_parts.png",
        "format": "RGBA8888",
        "size": {
            "w": 1488,
            "h": 1034
        },
        "scale": 1
    }
}