{
    "frames": {
        "repair_main_0": {
            "frame": {
                "x": 604,
                "y": 682,
                "w": 94,
                "h": 21
            },
            "rotated": false,
            "trimmed": false,
            "spriteSourceSize": {
                "x": 0,
                "y": 0,
                "w": 94,
                "h": 21
            },
            "sourceSize": {
                "w": 94,
                "h": 21
            }
        },
        "repair_main_1": {
            "frame": {
                "x": 0,
                "y": 605,
                "w": 252,
                "h": 72
            },
            "rotated": false,
            "trimmed": false,
            "spriteSourceSize": {
                "x": 0,
                "y": 0,
                "w": 252,
                "h": 72
            },
            "sourceSize": {
                "w": 252,
                "h": 72
            }
        },
        "repair_main_2": {
            "frame": {
                "x": 252,
                "y": 682,
                "w": 121,
                "h": 99
            },
            "rotated": false,
            "trimmed": false,
            "spriteSourceSize": {
                "x": 0,
                "y": 0,
                "w": 121,
                "h": 99
            },
            "sourceSize": {
                "w": 121,
                "h": 99
            }
        },
        "repair_main_3": {
            "frame": {
                "x": 0,
                "y": 682,
                "w": 121,
                "h": 99
            },
            "rotated": false,
            "trimmed": false,
            "spriteSourceSize": {
                "x": 0,
                "y": 0,
                "w": 121,
                "h": 99
            },
            "sourceSize": {
                "w": 121,
                "h": 99
            }
        },
        "repair_main_4": {
            "frame": {
                "x": 126,
                "y": 682,
                "w": 121,
                "h": 99
            },
            "rotated": false,
            "trimmed": false,
            "spriteSourceSize": {
                "x": 0,
                "y": 0,
                "w": 121,
                "h": 99
            },
            "sourceSize": {
                "w": 121,
                "h": 99
            }
        },
        "repair_main_5": {
            "frame": {
                "x": 257,
                "y": 605,
                "w": 180,
                "h": 45
            },
            "rotated": false,
            "trimmed": false,
            "spriteSourceSize": {
                "x": 0,
                "y": 0,
                "w": 180,
                "h": 45
            },
            "sourceSize": {
                "w": 180,
                "h": 45
            }
        },
        "repair_main_6": {
            "frame": {
                "x": 266,
                "y": 521,
                "w": 261,
                "h": 79
            },
            "rotated": false,
            "trimmed": false,
            "spriteSourceSize": {
                "x": 0,
                "y": 0,
                "w": 261,
                "h": 79
            },
            "sourceSize": {
                "w": 261,
                "h": 79
            }
        },
        "repair_main_7": {
            "frame": {
                "x": 0,
                "y": 521,
                "w": 261,
                "h": 79
            },
            "rotated": false,
            "trimmed": false,
            "spriteSourceSize": {
                "x": 0,
                "y": 0,
                "w": 261,
                "h": 79
            },
            "sourceSize": {
                "w": 261,
                "h": 79
            }
        },
        "repair_main_8": {
            "frame": {
                "x": 532,
                "y": 521,
                "w": 261,
                "h": 79
            },
            "rotated": false,
            "trimmed": false,
            "spriteSourceSize": {
                "x": 0,
                "y": 0,
                "w": 261,
                "h": 79
            },
            "sourceSize": {
                "w": 261,
                "h": 79
            }
        },
        "repair_main_9": {
            "frame": {
                "x": 798,
                "y": 521,
                "w": 180,
                "h": 45
            },
            "rotated": false,
            "trimmed": false,
            "spriteSourceSize": {
                "x": 0,
                "y": 0,
                "w": 180,
                "h": 45
            },
            "sourceSize": {
                "w": 180,
                "h": 45
            }
        },
        "repair_main_10": {
            "frame": {
                "x": 0,
                "y": 128,
                "w": 1005,
                "h": 123
            },
            "rotated": false,
            "trimmed": false,
            "spriteSourceSize": {
                "x": 0,
                "y": 0,
                "w": 1005,
                "h": 123
            },
            "sourceSize": {
                "w": 1005,
                "h": 123
            }
        },
        "repair_main_11": {
            "frame": {
                "x": 0,
                "y": 0,
                "w": 1005,
                "h": 123
            },
            "rotated": false,
            "trimmed": false,
            "spriteSourceSize": {
                "x": 0,
                "y": 0,
                "w": 1005,
                "h": 123
            },
            "sourceSize": {
                "w": 1005,
                "h": 123
            }
        },
        "repair_main_12": {
            "frame": {
                "x": 0,
                "y": 256,
                "w": 303,
                "h": 183
            },
            "rotated": false,
            "trimmed": false,
            "spriteSourceSize": {
                "x": 0,
                "y": 0,
                "w": 303,
                "h": 183
            },
            "sourceSize": {
                "w": 303,
                "h": 183
            }
        },
        "repair_main_13": {
            "frame": {
                "x": 980,
                "y": 306,
                "w": 10,
                "h": 9
            },
            "rotated": false,
            "trimmed": false,
            "spriteSourceSize": {
                "x": 0,
                "y": 0,
                "w": 10,
                "h": 9
            },
            "sourceSize": {
                "w": 10,
                "h": 9
            }
        },
        "repair_main_14": {
            "frame": {
                "x": 682,
                "y": 513,
                "w": 150,
                "h": 1
            },
            "rotated": false,
            "trimmed": false,
            "spriteSourceSize": {
                "x": 0,
                "y": 0,
                "w": 150,
                "h": 1
            },
            "sourceSize": {
                "w": 150,
                "h": 1
            }
        },
        "repair_main_15": {
            "frame": {
                "x": 378,
                "y": 714,
                "w": 54,
                "h": 54
            },
            "rotated": false,
            "trimmed": false,
            "spriteSourceSize": {
                "x": 0,
                "y": 0,
                "w": 54,
                "h": 54
            },
            "sourceSize": {
                "w": 54,
                "h": 54
            }
        },
        "repair_main_16": {
            "frame": {
                "x": 148,
                "y": 786,
                "w": 69,
                "h": 109
            },
            "rotated": false,
            "trimmed": false,
            "spriteSourceSize": {
                "x": 0,
                "y": 0,
                "w": 69,
                "h": 109
            },
            "sourceSize": {
                "w": 69,
                "h": 109
            }
        },
        "repair_main_17": {
            "frame": {
                "x": 437,
                "y": 714,
                "w": 54,
                "h": 54
            },
            "rotated": false,
            "trimmed": false,
            "spriteSourceSize": {
                "x": 0,
                "y": 0,
                "w": 54,
                "h": 54
            },
            "sourceSize": {
                "w": 54,
                "h": 54
            }
        },
        "repair_main_18": {
            "frame": {
                "x": 74,
                "y": 786,
                "w": 69,
                "h": 109
            },
            "rotated": false,
            "trimmed": false,
            "spriteSourceSize": {
                "x": 0,
                "y": 0,
                "w": 69,
                "h": 109
            },
            "sourceSize": {
                "w": 69,
                "h": 109
            }
        },
        "repair_main_19": {
            "frame": {
                "x": 496,
                "y": 714,
                "w": 54,
                "h": 54
            },
            "rotated": false,
            "trimmed": false,
            "spriteSourceSize": {
                "x": 0,
                "y": 0,
                "w": 54,
                "h": 54
            },
            "sourceSize": {
                "w": 54,
                "h": 54
            }
        },
        "repair_main_20": {
            "frame": {
                "x": 0,
                "y": 786,
                "w": 69,
                "h": 109
            },
            "rotated": false,
            "trimmed": false,
            "spriteSourceSize": {
                "x": 0,
                "y": 0,
                "w": 69,
                "h": 109
            },
            "sourceSize": {
                "w": 69,
                "h": 109
            }
        },
        "repair_main_21": {
            "frame": {
                "x": 257,
                "y": 655,
                "w": 237,
                "h": 10
            },
            "rotated": false,
            "trimmed": false,
            "spriteSourceSize": {
                "x": 0,
                "y": 0,
                "w": 237,
                "h": 10
            },
            "sourceSize": {
                "w": 237,
                "h": 10
            }
        },
        "repair_main_22": {
            "frame": {
                "x": 499,
                "y": 655,
                "w": 237,
                "h": 10
            },
            "rotated": false,
            "trimmed": false,
            "spriteSourceSize": {
                "x": 0,
                "y": 0,
                "w": 237,
                "h": 10
            },
            "sourceSize": {
                "w": 237,
                "h": 10
            }
        },
        "repair_main_23": {
            "frame": {
                "x": 682,
                "y": 444,
                "w": 282,
                "h": 64
            },
            "rotated": false,
            "trimmed": false,
            "spriteSourceSize": {
                "x": 0,
                "y": 0,
                "w": 282,
                "h": 64
            },
            "sourceSize": {
                "w": 282,
                "h": 64
            }
        },
        "repair_main_24": {
            "frame": {
                "x": 0,
                "y": 444,
                "w": 381,
                "h": 72
            },
            "rotated": false,
            "trimmed": false,
            "spriteSourceSize": {
                "x": 0,
                "y": 0,
                "w": 381,
                "h": 72
            },
            "sourceSize": {
                "w": 381,
                "h": 72
            }
        },
        "repair_main_25": {
            "frame": {
                "x": 386,
                "y": 444,
                "w": 291,
                "h": 72
            },
            "rotated": false,
            "trimmed": false,
            "spriteSourceSize": {
                "x": 0,
                "y": 0,
                "w": 291,
                "h": 72
            },
            "sourceSize": {
                "w": 291,
                "h": 72
            }
        },
        "repair_main_26": {
            "frame": {
                "x": 952,
                "y": 406,
                "w": 27,
                "h": 27
            },
            "rotated": false,
            "trimmed": false,
            "spriteSourceSize": {
                "x": 0,
                "y": 0,
                "w": 27,
                "h": 27
            },
            "sourceSize": {
                "w": 27,
                "h": 27
            }
        },
        "repair_main_27": {
            "frame": {
                "x": 920,
                "y": 406,
                "w": 27,
                "h": 27
            },
            "rotated": false,
            "trimmed": false,
            "spriteSourceSize": {
                "x": 0,
                "y": 0,
                "w": 27,
                "h": 27
            },
            "sourceSize": {
                "w": 27,
                "h": 27
            }
        },
        "repair_main_28": {
            "frame": {
                "x": 850,
                "y": 714,
                "w": 40,
                "h": 40
            },
            "rotated": false,
            "trimmed": false,
            "spriteSourceSize": {
                "x": 0,
                "y": 0,
                "w": 40,
                "h": 40
            },
            "sourceSize": {
                "w": 40,
                "h": 40
            }
        },
        "repair_main_29": {
            "frame": {
                "x": 308,
                "y": 256,
                "w": 667,
                "h": 45
            },
            "rotated": false,
            "trimmed": false,
            "spriteSourceSize": {
                "x": 0,
                "y": 0,
                "w": 667,
                "h": 45
            },
            "sourceSize": {
                "w": 667,
                "h": 45
            }
        },
        "repair_main_30": {
            "frame": {
                "x": 308,
                "y": 356,
                "w": 667,
                "h": 45
            },
            "rotated": false,
            "trimmed": false,
            "spriteSourceSize": {
                "x": 0,
                "y": 0,
                "w": 667,
                "h": 45
            },
            "sourceSize": {
                "w": 667,
                "h": 45
            }
        },
        "repair_main_31": {
            "frame": {
                "x": 308,
                "y": 306,
                "w": 667,
                "h": 45
            },
            "rotated": false,
            "trimmed": false,
            "spriteSourceSize": {
                "x": 0,
                "y": 0,
                "w": 667,
                "h": 45
            },
            "sourceSize": {
                "w": 667,
                "h": 45
            }
        },
        "repair_main_32": {
            "frame": {
                "x": 555,
                "y": 714,
                "w": 54,
                "h": 48
            },
            "rotated": false,
            "trimmed": false,
            "spriteSourceSize": {
                "x": 0,
                "y": 0,
                "w": 54,
                "h": 48
            },
            "sourceSize": {
                "w": 54,
                "h": 48
            }
        },
        "repair_main_33": {
            "frame": {
                "x": 614,
                "y": 714,
                "w": 54,
                "h": 48
            },
            "rotated": false,
            "trimmed": false,
            "spriteSourceSize": {
                "x": 0,
                "y": 0,
                "w": 54,
                "h": 48
            },
            "sourceSize": {
                "w": 54,
                "h": 48
            }
        },
        "repair_main_34": {
            "frame": {
                "x": 673,
                "y": 714,
                "w": 54,
                "h": 48
            },
            "rotated": false,
            "trimmed": false,
            "spriteSourceSize": {
                "x": 0,
                "y": 0,
                "w": 54,
                "h": 48
            },
            "sourceSize": {
                "w": 54,
                "h": 48
            }
        },
        "repair_main_35": {
            "frame": {
                "x": 732,
                "y": 714,
                "w": 54,
                "h": 48
            },
            "rotated": false,
            "trimmed": false,
            "spriteSourceSize": {
                "x": 0,
                "y": 0,
                "w": 54,
                "h": 48
            },
            "sourceSize": {
                "w": 54,
                "h": 48
            }
        },
        "repair_main_36": {
            "frame": {
                "x": 791,
                "y": 714,
                "w": 54,
                "h": 48
            },
            "rotated": false,
            "trimmed": false,
            "spriteSourceSize": {
                "x": 0,
                "y": 0,
                "w": 54,
                "h": 48
            },
            "sourceSize": {
                "w": 54,
                "h": 48
            }
        },
        "repair_main_37": {
            "frame": {
                "x": 308,
                "y": 406,
                "w": 607,
                "h": 31
            },
            "rotated": false,
            "trimmed": false,
            "spriteSourceSize": {
                "x": 0,
                "y": 0,
                "w": 607,
                "h": 31
            },
            "sourceSize": {
                "w": 607,
                "h": 31
            }
        },
        "repair_main_38": {
            "frame": {
                "x": 980,
                "y": 282,
                "w": 15,
                "h": 15
            },
            "rotated": false,
            "trimmed": false,
            "spriteSourceSize": {
                "x": 0,
                "y": 0,
                "w": 15,
                "h": 15
            },
            "sourceSize": {
                "w": 15,
                "h": 15
            }
        },
        "repair_main_39": {
            "frame": {
                "x": 969,
                "y": 444,
                "w": 36,
                "h": 36
            },
            "rotated": false,
            "trimmed": false,
            "spriteSourceSize": {
                "x": 0,
                "y": 0,
                "w": 36,
                "h": 36
            },
            "sourceSize": {
                "w": 36,
                "h": 36
            }
        },
        "repair_main_40": {
            "frame": {
                "x": 588,
                "y": 605,
                "w": 141,
                "h": 36
            },
            "rotated": false,
            "trimmed": false,
            "spriteSourceSize": {
                "x": 0,
                "y": 0,
                "w": 141,
                "h": 36
            },
            "sourceSize": {
                "w": 141,
                "h": 36
            }
        },
        "repair_main_41": {
            "frame": {
                "x": 442,
                "y": 605,
                "w": 141,
                "h": 36
            },
            "rotated": false,
            "trimmed": false,
            "spriteSourceSize": {
                "x": 0,
                "y": 0,
                "w": 141,
                "h": 36
            },
            "sourceSize": {
                "w": 141,
                "h": 36
            }
        },
        "repair_main_42": {
            "frame": {
                "x": 980,
                "y": 256,
                "w": 25,
                "h": 21
            },
            "rotated": false,
            "trimmed": false,
            "spriteSourceSize": {
                "x": 0,
                "y": 0,
                "w": 25,
                "h": 21
            },
            "sourceSize": {
                "w": 25,
                "h": 21
            }
        },
        "repair_main_43": {
            "frame": {
                "x": 734,
                "y": 605,
                "w": 193,
                "h": 25
            },
            "rotated": false,
            "trimmed": false,
            "spriteSourceSize": {
                "x": 0,
                "y": 0,
                "w": 193,
                "h": 25
            },
            "sourceSize": {
                "w": 193,
                "h": 25
            }
        },
        "repair_main_44": {
            "frame": {
                "x": 798,
                "y": 571,
                "w": 193,
                "h": 25
            },
            "rotated": false,
            "trimmed": false,
            "spriteSourceSize": {
                "x": 0,
                "y": 0,
                "w": 193,
                "h": 25
            },
            "sourceSize": {
                "w": 193,
                "h": 25
            }
        },
        "repair_main_45": {
            "frame": {
                "x": 491,
                "y": 682,
                "w": 108,
                "h": 27
            },
            "rotated": false,
            "trimmed": false,
            "spriteSourceSize": {
                "x": 0,
                "y": 0,
                "w": 108,
                "h": 27
            },
            "sourceSize": {
                "w": 108,
                "h": 27
            }
        },
        "repair_main_46": {
            "frame": {
                "x": 378,
                "y": 682,
                "w": 108,
                "h": 27
            },
            "rotated": false,
            "trimmed": false,
            "spriteSourceSize": {
                "x": 0,
                "y": 0,
                "w": 108,
                "h": 27
            },
            "sourceSize": {
                "w": 108,
                "h": 27
            }
        }
    },
    "meta": {
        "app": "https://github.com/Ensighten/spritesmith",
        "image": "repair_main.png",
        "format": "RGBA8888",
        "size": {
            "w": 1005,
            "h": 895
        },
        "scale": 1
    }
}