{
    "frames": {
        "supply_main_0": {
            "frame": {
                "x": 679,
                "y": 386,
                "w": 153,
                "h": 21
            },
            "rotated": false,
            "trimmed": false,
            "spriteSourceSize": {
                "x": 0,
                "y": 0,
                "w": 153,
                "h": 21
            },
            "sourceSize": {
                "w": 153,
                "h": 21
            }
        },
        "supply_main_1": {
            "frame": {
                "x": 306,
                "y": 203,
                "w": 137,
                "h": 125
            },
            "rotated": false,
            "trimmed": false,
            "spriteSourceSize": {
                "x": 0,
                "y": 0,
                "w": 137,
                "h": 125
            },
            "sourceSize": {
                "w": 137,
                "h": 125
            }
        },
        "supply_main_2": {
            "frame": {
                "x": 448,
                "y": 203,
                "w": 137,
                "h": 125
            },
            "rotated": false,
            "trimmed": false,
            "spriteSourceSize": {
                "x": 0,
                "y": 0,
                "w": 137,
                "h": 125
            },
            "sourceSize": {
                "w": 137,
                "h": 125
            }
        },
        "supply_main_3": {
            "frame": {
                "x": 467,
                "y": 333,
                "w": 156,
                "h": 48
            },
            "rotated": false,
            "trimmed": false,
            "spriteSourceSize": {
                "x": 0,
                "y": 0,
                "w": 156,
                "h": 48
            },
            "sourceSize": {
                "w": 156,
                "h": 48
            }
        },
        "supply_main_4": {
            "frame": {
                "x": 306,
                "y": 333,
                "w": 156,
                "h": 48
            },
            "rotated": false,
            "trimmed": false,
            "spriteSourceSize": {
                "x": 0,
                "y": 0,
                "w": 156,
                "h": 48
            },
            "sourceSize": {
                "w": 156,
                "h": 48
            }
        },
        "supply_main_5": {
            "frame": {
                "x": 812,
                "y": 257,
                "w": 156,
                "h": 48
            },
            "rotated": false,
            "trimmed": false,
            "spriteSourceSize": {
                "x": 0,
                "y": 0,
                "w": 156,
                "h": 48
            },
            "sourceSize": {
                "w": 156,
                "h": 48
            }
        },
        "supply_main_6": {
            "frame": {
                "x": 306,
                "y": 473,
                "w": 61,
                "h": 48
            },
            "rotated": false,
            "trimmed": false,
            "spriteSourceSize": {
                "x": 0,
                "y": 0,
                "w": 61,
                "h": 48
            },
            "sourceSize": {
                "w": 61,
                "h": 48
            }
        },
        "supply_main_7": {
            "frame": {
                "x": 372,
                "y": 473,
                "w": 61,
                "h": 48
            },
            "rotated": false,
            "trimmed": false,
            "spriteSourceSize": {
                "x": 0,
                "y": 0,
                "w": 61,
                "h": 48
            },
            "sourceSize": {
                "w": 61,
                "h": 48
            }
        },
        "supply_main_8": {
            "frame": {
                "x": 438,
                "y": 473,
                "w": 61,
                "h": 48
            },
            "rotated": false,
            "trimmed": false,
            "spriteSourceSize": {
                "x": 0,
                "y": 0,
                "w": 61,
                "h": 48
            },
            "sourceSize": {
                "w": 61,
                "h": 48
            }
        },
        "supply_main_9": {
            "frame": {
                "x": 927,
                "y": 84,
                "w": 61,
                "h": 48
            },
            "rotated": false,
            "trimmed": false,
            "spriteSourceSize": {
                "x": 0,
                "y": 0,
                "w": 61,
                "h": 48
            },
            "sourceSize": {
                "w": 61,
                "h": 48
            }
        },
        "supply_main_10": {
            "frame": {
                "x": 570,
                "y": 473,
                "w": 61,
                "h": 48
            },
            "rotated": false,
            "trimmed": false,
            "spriteSourceSize": {
                "x": 0,
                "y": 0,
                "w": 61,
                "h": 48
            },
            "sourceSize": {
                "w": 61,
                "h": 48
            }
        },
        "supply_main_11": {
            "frame": {
                "x": 504,
                "y": 473,
                "w": 61,
                "h": 48
            },
            "rotated": false,
            "trimmed": false,
            "spriteSourceSize": {
                "x": 0,
                "y": 0,
                "w": 61,
                "h": 48
            },
            "sourceSize": {
                "w": 61,
                "h": 48
            }
        },
        "supply_main_12": {
            "frame": {
                "x": 798,
                "y": 153,
                "w": 138,
                "h": 43
            },
            "rotated": false,
            "trimmed": false,
            "spriteSourceSize": {
                "x": 0,
                "y": 0,
                "w": 138,
                "h": 43
            },
            "sourceSize": {
                "w": 138,
                "h": 43
            }
        },
        "supply_main_13": {
            "frame": {
                "x": 880,
                "y": 203,
                "w": 138,
                "h": 43
            },
            "rotated": false,
            "trimmed": false,
            "spriteSourceSize": {
                "x": 0,
                "y": 0,
                "w": 138,
                "h": 43
            },
            "sourceSize": {
                "w": 138,
                "h": 43
            }
        },
        "supply_main_14": {
            "frame": {
                "x": 628,
                "y": 333,
                "w": 138,
                "h": 43
            },
            "rotated": false,
            "trimmed": false,
            "spriteSourceSize": {
                "x": 0,
                "y": 0,
                "w": 138,
                "h": 43
            },
            "sourceSize": {
                "w": 138,
                "h": 43
            }
        },
        "supply_main_15": {
            "frame": {
                "x": 771,
                "y": 333,
                "w": 138,
                "h": 43
            },
            "rotated": false,
            "trimmed": false,
            "spriteSourceSize": {
                "x": 0,
                "y": 0,
                "w": 138,
                "h": 43
            },
            "sourceSize": {
                "w": 138,
                "h": 43
            }
        },
        "supply_main_16": {
            "frame": {
                "x": 393,
                "y": 386,
                "w": 138,
                "h": 43
            },
            "rotated": false,
            "trimmed": false,
            "spriteSourceSize": {
                "x": 0,
                "y": 0,
                "w": 138,
                "h": 43
            },
            "sourceSize": {
                "w": 138,
                "h": 43
            }
        },
        "supply_main_17": {
            "frame": {
                "x": 536,
                "y": 386,
                "w": 138,
                "h": 43
            },
            "rotated": false,
            "trimmed": false,
            "spriteSourceSize": {
                "x": 0,
                "y": 0,
                "w": 138,
                "h": 43
            },
            "sourceSize": {
                "w": 138,
                "h": 43
            }
        },
        "supply_main_18": {
            "frame": {
                "x": 976,
                "y": 153,
                "w": 30,
                "h": 30
            },
            "rotated": false,
            "trimmed": false,
            "spriteSourceSize": {
                "x": 0,
                "y": 0,
                "w": 30,
                "h": 30
            },
            "sourceSize": {
                "w": 30,
                "h": 30
            }
        },
        "supply_main_19": {
            "frame": {
                "x": 941,
                "y": 153,
                "w": 30,
                "h": 30
            },
            "rotated": false,
            "trimmed": false,
            "spriteSourceSize": {
                "x": 0,
                "y": 0,
                "w": 30,
                "h": 30
            },
            "sourceSize": {
                "w": 30,
                "h": 30
            }
        },
        "supply_main_20": {
            "frame": {
                "x": 972,
                "y": 333,
                "w": 24,
                "h": 24
            },
            "rotated": false,
            "trimmed": false,
            "spriteSourceSize": {
                "x": 0,
                "y": 0,
                "w": 24,
                "h": 24
            },
            "sourceSize": {
                "w": 24,
                "h": 24
            }
        },
        "supply_main_21": {
            "frame": {
                "x": 943,
                "y": 333,
                "w": 24,
                "h": 24
            },
            "rotated": false,
            "trimmed": false,
            "spriteSourceSize": {
                "x": 0,
                "y": 0,
                "w": 24,
                "h": 24
            },
            "sourceSize": {
                "w": 24,
                "h": 24
            }
        },
        "supply_main_22": {
            "frame": {
                "x": 914,
                "y": 333,
                "w": 24,
                "h": 24
            },
            "rotated": false,
            "trimmed": false,
            "spriteSourceSize": {
                "x": 0,
                "y": 0,
                "w": 24,
                "h": 24
            },
            "sourceSize": {
                "w": 24,
                "h": 24
            }
        },
        "supply_main_23": {
            "frame": {
                "x": 0,
                "y": 0,
                "w": 301,
                "h": 573
            },
            "rotated": false,
            "trimmed": false,
            "spriteSourceSize": {
                "x": 0,
                "y": 0,
                "w": 301,
                "h": 573
            },
            "sourceSize": {
                "w": 301,
                "h": 573
            }
        },
        "supply_main_24": {
            "frame": {
                "x": 306,
                "y": 153,
                "w": 487,
                "h": 45
            },
            "rotated": false,
            "trimmed": false,
            "spriteSourceSize": {
                "x": 0,
                "y": 0,
                "w": 487,
                "h": 45
            },
            "sourceSize": {
                "w": 487,
                "h": 45
            }
        },
        "supply_main_25": {
            "frame": {
                "x": 590,
                "y": 257,
                "w": 217,
                "h": 58
            },
            "rotated": false,
            "trimmed": false,
            "spriteSourceSize": {
                "x": 0,
                "y": 0,
                "w": 217,
                "h": 58
            },
            "sourceSize": {
                "w": 217,
                "h": 58
            }
        },
        "supply_main_26": {
            "frame": {
                "x": 306,
                "y": 0,
                "w": 720,
                "h": 79
            },
            "rotated": false,
            "trimmed": false,
            "spriteSourceSize": {
                "x": 0,
                "y": 0,
                "w": 720,
                "h": 79
            },
            "sourceSize": {
                "w": 720,
                "h": 79
            }
        },
        "supply_main_27": {
            "frame": {
                "x": 973,
                "y": 257,
                "w": 45,
                "h": 45
            },
            "rotated": false,
            "trimmed": false,
            "spriteSourceSize": {
                "x": 0,
                "y": 0,
                "w": 45,
                "h": 45
            },
            "sourceSize": {
                "w": 45,
                "h": 45
            }
        },
        "supply_main_28": {
            "frame": {
                "x": 636,
                "y": 473,
                "w": 45,
                "h": 45
            },
            "rotated": false,
            "trimmed": false,
            "spriteSourceSize": {
                "x": 0,
                "y": 0,
                "w": 45,
                "h": 45
            },
            "sourceSize": {
                "w": 45,
                "h": 45
            }
        },
        "supply_main_29": {
            "frame": {
                "x": 993,
                "y": 84,
                "w": 33,
                "h": 33
            },
            "rotated": false,
            "trimmed": false,
            "spriteSourceSize": {
                "x": 0,
                "y": 0,
                "w": 33,
                "h": 33
            },
            "sourceSize": {
                "w": 33,
                "h": 33
            }
        },
        "supply_main_30": {
            "frame": {
                "x": 306,
                "y": 386,
                "w": 82,
                "h": 82
            },
            "rotated": false,
            "trimmed": false,
            "spriteSourceSize": {
                "x": 0,
                "y": 0,
                "w": 82,
                "h": 82
            },
            "sourceSize": {
                "w": 82,
                "h": 82
            }
        },
        "supply_main_31": {
            "frame": {
                "x": 590,
                "y": 203,
                "w": 285,
                "h": 49
            },
            "rotated": false,
            "trimmed": false,
            "spriteSourceSize": {
                "x": 0,
                "y": 0,
                "w": 285,
                "h": 49
            },
            "sourceSize": {
                "w": 285,
                "h": 49
            }
        },
        "supply_main_32": {
            "frame": {
                "x": 306,
                "y": 84,
                "w": 616,
                "h": 64
            },
            "rotated": false,
            "trimmed": false,
            "spriteSourceSize": {
                "x": 0,
                "y": 0,
                "w": 616,
                "h": 64
            },
            "sourceSize": {
                "w": 616,
                "h": 64
            }
        }
    },
    "meta": {
        "app": "https://github.com/Ensighten/spritesmith",
        "image": "supply_main.png",
        "format": "RGBA8888",
        "size": {
            "w": 1026,
            "h": 573
        },
        "scale": 1
    }
}