{
    "frames": {
        "prac_main_0": {
            "frame": {
                "x": 0,
                "y": 1505,
                "w": 505,
                "h": 352
            },
            "rotated": false,
            "trimmed": false,
            "spriteSourceSize": {
                "x": 0,
                "y": 0,
                "w": 505,
                "h": 352
            },
            "sourceSize": {
                "w": 505,
                "h": 352
            }
        },
        "prac_main_1": {
            "frame": {
                "x": 510,
                "y": 1505,
                "w": 505,
                "h": 352
            },
            "rotated": false,
            "trimmed": false,
            "spriteSourceSize": {
                "x": 0,
                "y": 0,
                "w": 505,
                "h": 352
            },
            "sourceSize": {
                "w": 505,
                "h": 352
            }
        },
        "prac_main_2": {
            "frame": {
                "x": 2160,
                "y": 1505,
                "w": 427,
                "h": 30
            },
            "rotated": false,
            "trimmed": false,
            "spriteSourceSize": {
                "x": 0,
                "y": 0,
                "w": 427,
                "h": 30
            },
            "sourceSize": {
                "w": 427,
                "h": 30
            }
        },
        "prac_main_3": {
            "frame": {
                "x": 0,
                "y": 0,
                "w": 1500,
                "h": 1500
            },
            "rotated": false,
            "trimmed": false,
            "spriteSourceSize": {
                "x": 0,
                "y": 0,
                "w": 1500,
                "h": 1500
            },
            "sourceSize": {
                "w": 1500,
                "h": 1500
            }
        },
        "prac_main_4": {
            "frame": {
                "x": 1505,
                "y": 0,
                "w": 1500,
                "h": 1500
            },
            "rotated": false,
            "trimmed": false,
            "spriteSourceSize": {
                "x": 0,
                "y": 0,
                "w": 1500,
                "h": 1500
            },
            "sourceSize": {
                "w": 1500,
                "h": 1500
            }
        },
        "prac_main_5": {
            "frame": {
                "x": 1020,
                "y": 1571,
                "w": 1800,
                "h": 1
            },
            "rotated": false,
            "trimmed": false,
            "spriteSourceSize": {
                "x": 0,
                "y": 0,
                "w": 1800,
                "h": 1
            },
            "sourceSize": {
                "w": 1800,
                "h": 1
            }
        },
        "prac_main_6": {
            "frame": {
                "x": 1020,
                "y": 1577,
                "w": 1800,
                "h": 1
            },
            "rotated": false,
            "trimmed": false,
            "spriteSourceSize": {
                "x": 0,
                "y": 0,
                "w": 1800,
                "h": 1
            },
            "sourceSize": {
                "w": 1800,
                "h": 1
            }
        },
        "prac_main_7": {
            "frame": {
                "x": 1020,
                "y": 1505,
                "w": 1135,
                "h": 61
            },
            "rotated": false,
            "trimmed": false,
            "spriteSourceSize": {
                "x": 0,
                "y": 0,
                "w": 1135,
                "h": 61
            },
            "sourceSize": {
                "w": 1135,
                "h": 61
            }
        }
    },
    "meta": {
        "app": "https://github.com/Ensighten/spritesmith",
        "image": "prac_main.png",
        "format": "RGBA8888",
        "size": {
            "w": 3005,
            "h": 1857
        },
        "scale": 1
    }
}