{
    "frames": {
        "interior_parts_0": {
            "frame": {
                "x": 503,
                "y": 605,
                "w": 222,
                "h": 75
            },
            "rotated": false,
            "trimmed": false,
            "spriteSourceSize": {
                "x": 0,
                "y": 0,
                "w": 222,
                "h": 75
            },
            "sourceSize": {
                "w": 222,
                "h": 75
            }
        },
        "interior_parts_1": {
            "frame": {
                "x": 503,
                "y": 685,
                "w": 222,
                "h": 75
            },
            "rotated": false,
            "trimmed": false,
            "spriteSourceSize": {
                "x": 0,
                "y": 0,
                "w": 222,
                "h": 75
            },
            "sourceSize": {
                "w": 222,
                "h": 75
            }
        },
        "interior_parts_2": {
            "frame": {
                "x": 503,
                "y": 765,
                "w": 183,
                "h": 85
            },
            "rotated": false,
            "trimmed": false,
            "spriteSourceSize": {
                "x": 0,
                "y": 0,
                "w": 183,
                "h": 85
            },
            "sourceSize": {
                "w": 183,
                "h": 85
            }
        },
        "interior_parts_3": {
            "frame": {
                "x": 691,
                "y": 765,
                "w": 183,
                "h": 85
            },
            "rotated": false,
            "trimmed": false,
            "spriteSourceSize": {
                "x": 0,
                "y": 0,
                "w": 183,
                "h": 85
            },
            "sourceSize": {
                "w": 183,
                "h": 85
            }
        },
        "interior_parts_4": {
            "frame": {
                "x": 1161,
                "y": 138,
                "w": 40,
                "h": 21
            },
            "rotated": false,
            "trimmed": false,
            "spriteSourceSize": {
                "x": 0,
                "y": 0,
                "w": 40,
                "h": 21
            },
            "sourceSize": {
                "w": 40,
                "h": 21
            }
        },
        "interior_parts_5": {
            "frame": {
                "x": 1161,
                "y": 174,
                "w": 33,
                "h": 21
            },
            "rotated": false,
            "trimmed": false,
            "spriteSourceSize": {
                "x": 0,
                "y": 0,
                "w": 33,
                "h": 21
            },
            "sourceSize": {
                "w": 33,
                "h": 21
            }
        },
        "interior_parts_6": {
            "frame": {
                "x": 1199,
                "y": 50,
                "w": 33,
                "h": 21
            },
            "rotated": false,
            "trimmed": false,
            "spriteSourceSize": {
                "x": 0,
                "y": 0,
                "w": 33,
                "h": 21
            },
            "sourceSize": {
                "w": 33,
                "h": 21
            }
        },
        "interior_parts_7": {
            "frame": {
                "x": 1161,
                "y": 112,
                "w": 40,
                "h": 21
            },
            "rotated": false,
            "trimmed": false,
            "spriteSourceSize": {
                "x": 0,
                "y": 0,
                "w": 40,
                "h": 21
            },
            "sourceSize": {
                "w": 40,
                "h": 21
            }
        },
        "interior_parts_8": {
            "frame": {
                "x": 503,
                "y": 855,
                "w": 315,
                "h": 45
            },
            "rotated": false,
            "trimmed": false,
            "spriteSourceSize": {
                "x": 0,
                "y": 0,
                "w": 315,
                "h": 45
            },
            "sourceSize": {
                "w": 315,
                "h": 45
            }
        },
        "interior_parts_9": {
            "frame": {
                "x": 922,
                "y": 0,
                "w": 315,
                "h": 45
            },
            "rotated": false,
            "trimmed": false,
            "spriteSourceSize": {
                "x": 0,
                "y": 0,
                "w": 315,
                "h": 45
            },
            "sourceSize": {
                "w": 315,
                "h": 45
            }
        },
        "interior_parts_10": {
            "frame": {
                "x": 0,
                "y": 0,
                "w": 492,
                "h": 600
            },
            "rotated": false,
            "trimmed": false,
            "spriteSourceSize": {
                "x": 0,
                "y": 0,
                "w": 492,
                "h": 600
            },
            "sourceSize": {
                "w": 492,
                "h": 600
            }
        },
        "interior_parts_11": {
            "frame": {
                "x": 497,
                "y": 0,
                "w": 420,
                "h": 558
            },
            "rotated": false,
            "trimmed": false,
            "spriteSourceSize": {
                "x": 0,
                "y": 0,
                "w": 420,
                "h": 558
            },
            "sourceSize": {
                "w": 420,
                "h": 558
            }
        },
        "interior_parts_12": {
            "frame": {
                "x": 0,
                "y": 605,
                "w": 247,
                "h": 307
            },
            "rotated": false,
            "trimmed": false,
            "spriteSourceSize": {
                "x": 0,
                "y": 0,
                "w": 247,
                "h": 307
            },
            "sourceSize": {
                "w": 247,
                "h": 307
            }
        },
        "interior_parts_13": {
            "frame": {
                "x": 252,
                "y": 605,
                "w": 246,
                "h": 306
            },
            "rotated": false,
            "trimmed": false,
            "spriteSourceSize": {
                "x": 0,
                "y": 0,
                "w": 246,
                "h": 306
            },
            "sourceSize": {
                "w": 246,
                "h": 306
            }
        },
        "interior_parts_14": {
            "frame": {
                "x": 1161,
                "y": 50,
                "w": 33,
                "h": 33
            },
            "rotated": false,
            "trimmed": false,
            "spriteSourceSize": {
                "x": 0,
                "y": 0,
                "w": 33,
                "h": 33
            },
            "sourceSize": {
                "w": 33,
                "h": 33
            }
        },
        "interior_parts_15": {
            "frame": {
                "x": 730,
                "y": 605,
                "w": 96,
                "h": 58
            },
            "rotated": false,
            "trimmed": false,
            "spriteSourceSize": {
                "x": 0,
                "y": 0,
                "w": 96,
                "h": 58
            },
            "sourceSize": {
                "w": 96,
                "h": 58
            }
        },
        "interior_parts_16": {
            "frame": {
                "x": 922,
                "y": 856,
                "w": 84,
                "h": 25
            },
            "rotated": false,
            "trimmed": false,
            "spriteSourceSize": {
                "x": 0,
                "y": 0,
                "w": 84,
                "h": 25
            },
            "sourceSize": {
                "w": 84,
                "h": 25
            }
        },
        "interior_parts_17": {
            "frame": {
                "x": 1011,
                "y": 856,
                "w": 84,
                "h": 25
            },
            "rotated": false,
            "trimmed": false,
            "spriteSourceSize": {
                "x": 0,
                "y": 0,
                "w": 84,
                "h": 25
            },
            "sourceSize": {
                "w": 84,
                "h": 25
            }
        },
        "interior_parts_18": {
            "frame": {
                "x": 464,
                "y": 979,
                "w": 111,
                "h": 109
            },
            "rotated": false,
            "trimmed": false,
            "spriteSourceSize": {
                "x": 0,
                "y": 0,
                "w": 111,
                "h": 109
            },
            "sourceSize": {
                "w": 111,
                "h": 109
            }
        },
        "interior_parts_19": {
            "frame": {
                "x": 348,
                "y": 979,
                "w": 111,
                "h": 109
            },
            "rotated": false,
            "trimmed": false,
            "spriteSourceSize": {
                "x": 0,
                "y": 0,
                "w": 111,
                "h": 109
            },
            "sourceSize": {
                "w": 111,
                "h": 109
            }
        },
        "interior_parts_20": {
            "frame": {
                "x": 232,
                "y": 979,
                "w": 111,
                "h": 109
            },
            "rotated": false,
            "trimmed": false,
            "spriteSourceSize": {
                "x": 0,
                "y": 0,
                "w": 111,
                "h": 109
            },
            "sourceSize": {
                "w": 111,
                "h": 109
            }
        },
        "interior_parts_21": {
            "frame": {
                "x": 116,
                "y": 979,
                "w": 111,
                "h": 109
            },
            "rotated": false,
            "trimmed": false,
            "spriteSourceSize": {
                "x": 0,
                "y": 0,
                "w": 111,
                "h": 109
            },
            "sourceSize": {
                "w": 111,
                "h": 109
            }
        },
        "interior_parts_22": {
            "frame": {
                "x": 580,
                "y": 979,
                "w": 111,
                "h": 109
            },
            "rotated": false,
            "trimmed": false,
            "spriteSourceSize": {
                "x": 0,
                "y": 0,
                "w": 111,
                "h": 109
            },
            "sourceSize": {
                "w": 111,
                "h": 109
            }
        },
        "interior_parts_23": {
            "frame": {
                "x": 0,
                "y": 979,
                "w": 111,
                "h": 109
            },
            "rotated": false,
            "trimmed": false,
            "spriteSourceSize": {
                "x": 0,
                "y": 0,
                "w": 111,
                "h": 109
            },
            "sourceSize": {
                "w": 111,
                "h": 109
            }
        },
        "interior_parts_24": {
            "frame": {
                "x": 239,
                "y": 917,
                "w": 234,
                "h": 57
            },
            "rotated": false,
            "trimmed": false,
            "spriteSourceSize": {
                "x": 0,
                "y": 0,
                "w": 234,
                "h": 57
            },
            "sourceSize": {
                "w": 234,
                "h": 57
            }
        },
        "interior_parts_25": {
            "frame": {
                "x": 478,
                "y": 917,
                "w": 234,
                "h": 57
            },
            "rotated": false,
            "trimmed": false,
            "spriteSourceSize": {
                "x": 0,
                "y": 0,
                "w": 234,
                "h": 57
            },
            "sourceSize": {
                "w": 234,
                "h": 57
            }
        },
        "interior_parts_26": {
            "frame": {
                "x": 717,
                "y": 917,
                "w": 234,
                "h": 57
            },
            "rotated": false,
            "trimmed": false,
            "spriteSourceSize": {
                "x": 0,
                "y": 0,
                "w": 234,
                "h": 57
            },
            "sourceSize": {
                "w": 234,
                "h": 57
            }
        },
        "interior_parts_27": {
            "frame": {
                "x": 956,
                "y": 917,
                "w": 234,
                "h": 57
            },
            "rotated": false,
            "trimmed": false,
            "spriteSourceSize": {
                "x": 0,
                "y": 0,
                "w": 234,
                "h": 57
            },
            "sourceSize": {
                "w": 234,
                "h": 57
            }
        },
        "interior_parts_28": {
            "frame": {
                "x": 0,
                "y": 917,
                "w": 234,
                "h": 57
            },
            "rotated": false,
            "trimmed": false,
            "spriteSourceSize": {
                "x": 0,
                "y": 0,
                "w": 234,
                "h": 57
            },
            "sourceSize": {
                "w": 234,
                "h": 57
            }
        },
        "interior_parts_29": {
            "frame": {
                "x": 922,
                "y": 794,
                "w": 234,
                "h": 57
            },
            "rotated": false,
            "trimmed": false,
            "spriteSourceSize": {
                "x": 0,
                "y": 0,
                "w": 234,
                "h": 57
            },
            "sourceSize": {
                "w": 234,
                "h": 57
            }
        },
        "interior_parts_30": {
            "frame": {
                "x": 922,
                "y": 670,
                "w": 234,
                "h": 57
            },
            "rotated": false,
            "trimmed": false,
            "spriteSourceSize": {
                "x": 0,
                "y": 0,
                "w": 234,
                "h": 57
            },
            "sourceSize": {
                "w": 234,
                "h": 57
            }
        },
        "interior_parts_31": {
            "frame": {
                "x": 922,
                "y": 608,
                "w": 234,
                "h": 57
            },
            "rotated": false,
            "trimmed": false,
            "spriteSourceSize": {
                "x": 0,
                "y": 0,
                "w": 234,
                "h": 57
            },
            "sourceSize": {
                "w": 234,
                "h": 57
            }
        },
        "interior_parts_32": {
            "frame": {
                "x": 922,
                "y": 546,
                "w": 234,
                "h": 57
            },
            "rotated": false,
            "trimmed": false,
            "spriteSourceSize": {
                "x": 0,
                "y": 0,
                "w": 234,
                "h": 57
            },
            "sourceSize": {
                "w": 234,
                "h": 57
            }
        },
        "interior_parts_33": {
            "frame": {
                "x": 922,
                "y": 484,
                "w": 234,
                "h": 57
            },
            "rotated": false,
            "trimmed": false,
            "spriteSourceSize": {
                "x": 0,
                "y": 0,
                "w": 234,
                "h": 57
            },
            "sourceSize": {
                "w": 234,
                "h": 57
            }
        },
        "interior_parts_34": {
            "frame": {
                "x": 922,
                "y": 422,
                "w": 234,
                "h": 57
            },
            "rotated": false,
            "trimmed": false,
            "spriteSourceSize": {
                "x": 0,
                "y": 0,
                "w": 234,
                "h": 57
            },
            "sourceSize": {
                "w": 234,
                "h": 57
            }
        },
        "interior_parts_35": {
            "frame": {
                "x": 922,
                "y": 360,
                "w": 234,
                "h": 57
            },
            "rotated": false,
            "trimmed": false,
            "spriteSourceSize": {
                "x": 0,
                "y": 0,
                "w": 234,
                "h": 57
            },
            "sourceSize": {
                "w": 234,
                "h": 57
            }
        },
        "interior_parts_36": {
            "frame": {
                "x": 922,
                "y": 298,
                "w": 234,
                "h": 57
            },
            "rotated": false,
            "trimmed": false,
            "spriteSourceSize": {
                "x": 0,
                "y": 0,
                "w": 234,
                "h": 57
            },
            "sourceSize": {
                "w": 234,
                "h": 57
            }
        },
        "interior_parts_37": {
            "frame": {
                "x": 922,
                "y": 174,
                "w": 234,
                "h": 57
            },
            "rotated": false,
            "trimmed": false,
            "spriteSourceSize": {
                "x": 0,
                "y": 0,
                "w": 234,
                "h": 57
            },
            "sourceSize": {
                "w": 234,
                "h": 57
            }
        },
        "interior_parts_38": {
            "frame": {
                "x": 922,
                "y": 112,
                "w": 234,
                "h": 57
            },
            "rotated": false,
            "trimmed": false,
            "spriteSourceSize": {
                "x": 0,
                "y": 0,
                "w": 234,
                "h": 57
            },
            "sourceSize": {
                "w": 234,
                "h": 57
            }
        },
        "interior_parts_39": {
            "frame": {
                "x": 922,
                "y": 50,
                "w": 234,
                "h": 57
            },
            "rotated": false,
            "trimmed": false,
            "spriteSourceSize": {
                "x": 0,
                "y": 0,
                "w": 234,
                "h": 57
            },
            "sourceSize": {
                "w": 234,
                "h": 57
            }
        },
        "interior_parts_40": {
            "frame": {
                "x": 922,
                "y": 732,
                "w": 234,
                "h": 57
            },
            "rotated": false,
            "trimmed": false,
            "spriteSourceSize": {
                "x": 0,
                "y": 0,
                "w": 234,
                "h": 57
            },
            "sourceSize": {
                "w": 234,
                "h": 57
            }
        },
        "interior_parts_41": {
            "frame": {
                "x": 922,
                "y": 236,
                "w": 234,
                "h": 57
            },
            "rotated": false,
            "trimmed": false,
            "spriteSourceSize": {
                "x": 0,
                "y": 0,
                "w": 234,
                "h": 57
            },
            "sourceSize": {
                "w": 234,
                "h": 57
            }
        }
    },
    "meta": {
        "app": "https://github.com/Ensighten/spritesmith",
        "image": "interior_parts.png",
        "format": "RGBA8888",
        "size": {
            "w": 1237,
            "h": 1088
        },
        "scale": 1
    }
}