{
    "frames": {
        "duty_common_0": {
            "frame": {
                "x": 215,
                "y": 0,
                "w": 945,
                "h": 96
            },
            "rotated": false,
            "trimmed": false,
            "spriteSourceSize": {
                "x": 0,
                "y": 0,
                "w": 945,
                "h": 96
            },
            "sourceSize": {
                "w": 945,
                "h": 96
            }
        },
        "duty_common_1": {
            "frame": {
                "x": 1165,
                "y": 54,
                "w": 414,
                "h": 105
            },
            "rotated": false,
            "trimmed": false,
            "spriteSourceSize": {
                "x": 0,
                "y": 0,
                "w": 414,
                "h": 105
            },
            "sourceSize": {
                "w": 414,
                "h": 105
            }
        },
        "duty_common_2": {
            "frame": {
                "x": 1584,
                "y": 54,
                "w": 478,
                "h": 76
            },
            "rotated": false,
            "trimmed": false,
            "spriteSourceSize": {
                "x": 0,
                "y": 0,
                "w": 478,
                "h": 76
            },
            "sourceSize": {
                "w": 478,
                "h": 76
            }
        },
        "duty_common_3": {
            "frame": {
                "x": 1165,
                "y": 164,
                "w": 478,
                "h": 76
            },
            "rotated": false,
            "trimmed": false,
            "spriteSourceSize": {
                "x": 0,
                "y": 0,
                "w": 478,
                "h": 76
            },
            "sourceSize": {
                "w": 478,
                "h": 76
            }
        },
        "duty_common_4": {
            "frame": {
                "x": 1648,
                "y": 164,
                "w": 478,
                "h": 76
            },
            "rotated": false,
            "trimmed": false,
            "spriteSourceSize": {
                "x": 0,
                "y": 0,
                "w": 478,
                "h": 76
            },
            "sourceSize": {
                "w": 478,
                "h": 76
            }
        },
        "duty_common_5": {
            "frame": {
                "x": 1165,
                "y": 245,
                "w": 475,
                "h": 76
            },
            "rotated": false,
            "trimmed": false,
            "spriteSourceSize": {
                "x": 0,
                "y": 0,
                "w": 475,
                "h": 76
            },
            "sourceSize": {
                "w": 475,
                "h": 76
            }
        },
        "duty_common_6": {
            "frame": {
                "x": 2226,
                "y": 212,
                "w": 22,
                "h": 21
            },
            "rotated": false,
            "trimmed": false,
            "spriteSourceSize": {
                "x": 0,
                "y": 0,
                "w": 22,
                "h": 21
            },
            "sourceSize": {
                "w": 22,
                "h": 21
            }
        },
        "duty_common_7": {
            "frame": {
                "x": 1688,
                "y": 135,
                "w": 28,
                "h": 18
            },
            "rotated": false,
            "trimmed": false,
            "spriteSourceSize": {
                "x": 0,
                "y": 0,
                "w": 28,
                "h": 18
            },
            "sourceSize": {
                "w": 28,
                "h": 18
            }
        },
        "duty_common_8": {
            "frame": {
                "x": 2163,
                "y": 212,
                "w": 28,
                "h": 22
            },
            "rotated": false,
            "trimmed": false,
            "spriteSourceSize": {
                "x": 0,
                "y": 0,
                "w": 28,
                "h": 22
            },
            "sourceSize": {
                "w": 28,
                "h": 22
            }
        },
        "duty_common_9": {
            "frame": {
                "x": 2196,
                "y": 212,
                "w": 25,
                "h": 22
            },
            "rotated": false,
            "trimmed": false,
            "spriteSourceSize": {
                "x": 0,
                "y": 0,
                "w": 25,
                "h": 22
            },
            "sourceSize": {
                "w": 25,
                "h": 22
            }
        },
        "duty_common_10": {
            "frame": {
                "x": 2067,
                "y": 102,
                "w": 120,
                "h": 27
            },
            "rotated": false,
            "trimmed": false,
            "spriteSourceSize": {
                "x": 0,
                "y": 0,
                "w": 120,
                "h": 27
            },
            "sourceSize": {
                "w": 120,
                "h": 27
            }
        },
        "duty_common_11": {
            "frame": {
                "x": 2237,
                "y": 54,
                "w": 120,
                "h": 27
            },
            "rotated": false,
            "trimmed": false,
            "spriteSourceSize": {
                "x": 0,
                "y": 0,
                "w": 120,
                "h": 27
            },
            "sourceSize": {
                "w": 120,
                "h": 27
            }
        },
        "duty_common_12": {
            "frame": {
                "x": 2247,
                "y": 326,
                "w": 75,
                "h": 34
            },
            "rotated": false,
            "trimmed": false,
            "spriteSourceSize": {
                "x": 0,
                "y": 0,
                "w": 75,
                "h": 34
            },
            "sourceSize": {
                "w": 75,
                "h": 34
            }
        },
        "duty_common_13": {
            "frame": {
                "x": 1829,
                "y": 487,
                "w": 99,
                "h": 58
            },
            "rotated": false,
            "trimmed": false,
            "spriteSourceSize": {
                "x": 0,
                "y": 0,
                "w": 99,
                "h": 58
            },
            "sourceSize": {
                "w": 99,
                "h": 58
            }
        },
        "duty_common_14": {
            "frame": {
                "x": 2301,
                "y": 164,
                "w": 42,
                "h": 43
            },
            "rotated": false,
            "trimmed": false,
            "spriteSourceSize": {
                "x": 0,
                "y": 0,
                "w": 42,
                "h": 43
            },
            "sourceSize": {
                "w": 42,
                "h": 43
            }
        },
        "duty_common_15": {
            "frame": {
                "x": 1584,
                "y": 135,
                "w": 99,
                "h": 18
            },
            "rotated": false,
            "trimmed": false,
            "spriteSourceSize": {
                "x": 0,
                "y": 0,
                "w": 99,
                "h": 18
            },
            "sourceSize": {
                "w": 99,
                "h": 18
            }
        },
        "duty_common_16": {
            "frame": {
                "x": 1737,
                "y": 422,
                "w": 42,
                "h": 40
            },
            "rotated": false,
            "trimmed": false,
            "spriteSourceSize": {
                "x": 0,
                "y": 0,
                "w": 42,
                "h": 40
            },
            "sourceSize": {
                "w": 42,
                "h": 40
            }
        },
        "duty_common_17": {
            "frame": {
                "x": 1878,
                "y": 422,
                "w": 42,
                "h": 40
            },
            "rotated": false,
            "trimmed": false,
            "spriteSourceSize": {
                "x": 0,
                "y": 0,
                "w": 42,
                "h": 40
            },
            "sourceSize": {
                "w": 42,
                "h": 40
            }
        },
        "duty_common_18": {
            "frame": {
                "x": 1784,
                "y": 422,
                "w": 42,
                "h": 40
            },
            "rotated": false,
            "trimmed": false,
            "spriteSourceSize": {
                "x": 0,
                "y": 0,
                "w": 42,
                "h": 40
            },
            "sourceSize": {
                "w": 42,
                "h": 40
            }
        },
        "duty_common_19": {
            "frame": {
                "x": 1831,
                "y": 422,
                "w": 42,
                "h": 40
            },
            "rotated": false,
            "trimmed": false,
            "spriteSourceSize": {
                "x": 0,
                "y": 0,
                "w": 42,
                "h": 40
            },
            "sourceSize": {
                "w": 42,
                "h": 40
            }
        },
        "duty_common_20": {
            "frame": {
                "x": 1567,
                "y": 374,
                "w": 165,
                "h": 43
            },
            "rotated": false,
            "trimmed": false,
            "spriteSourceSize": {
                "x": 0,
                "y": 0,
                "w": 165,
                "h": 43
            },
            "sourceSize": {
                "w": 165,
                "h": 43
            }
        },
        "duty_common_21": {
            "frame": {
                "x": 1737,
                "y": 374,
                "w": 165,
                "h": 43
            },
            "rotated": false,
            "trimmed": false,
            "spriteSourceSize": {
                "x": 0,
                "y": 0,
                "w": 165,
                "h": 43
            },
            "sourceSize": {
                "w": 165,
                "h": 43
            }
        },
        "duty_common_22": {
            "frame": {
                "x": 1907,
                "y": 374,
                "w": 165,
                "h": 43
            },
            "rotated": false,
            "trimmed": false,
            "spriteSourceSize": {
                "x": 0,
                "y": 0,
                "w": 165,
                "h": 43
            },
            "sourceSize": {
                "w": 165,
                "h": 43
            }
        },
        "duty_common_23": {
            "frame": {
                "x": 2077,
                "y": 374,
                "w": 165,
                "h": 43
            },
            "rotated": false,
            "trimmed": false,
            "spriteSourceSize": {
                "x": 0,
                "y": 0,
                "w": 165,
                "h": 43
            },
            "sourceSize": {
                "w": 165,
                "h": 43
            }
        },
        "duty_common_24": {
            "frame": {
                "x": 1397,
                "y": 422,
                "w": 165,
                "h": 43
            },
            "rotated": false,
            "trimmed": false,
            "spriteSourceSize": {
                "x": 0,
                "y": 0,
                "w": 165,
                "h": 43
            },
            "sourceSize": {
                "w": 165,
                "h": 43
            }
        },
        "duty_common_25": {
            "frame": {
                "x": 1567,
                "y": 422,
                "w": 165,
                "h": 43
            },
            "rotated": false,
            "trimmed": false,
            "spriteSourceSize": {
                "x": 0,
                "y": 0,
                "w": 165,
                "h": 43
            },
            "sourceSize": {
                "w": 165,
                "h": 43
            }
        },
        "duty_common_26": {
            "frame": {
                "x": 2131,
                "y": 164,
                "w": 165,
                "h": 43
            },
            "rotated": false,
            "trimmed": false,
            "spriteSourceSize": {
                "x": 0,
                "y": 0,
                "w": 165,
                "h": 43
            },
            "sourceSize": {
                "w": 165,
                "h": 43
            }
        },
        "duty_common_27": {
            "frame": {
                "x": 1397,
                "y": 374,
                "w": 165,
                "h": 43
            },
            "rotated": false,
            "trimmed": false,
            "spriteSourceSize": {
                "x": 0,
                "y": 0,
                "w": 165,
                "h": 43
            },
            "sourceSize": {
                "w": 165,
                "h": 43
            }
        },
        "duty_common_28": {
            "frame": {
                "x": 2077,
                "y": 326,
                "w": 165,
                "h": 43
            },
            "rotated": false,
            "trimmed": false,
            "spriteSourceSize": {
                "x": 0,
                "y": 0,
                "w": 165,
                "h": 43
            },
            "sourceSize": {
                "w": 165,
                "h": 43
            }
        },
        "duty_common_29": {
            "frame": {
                "x": 1907,
                "y": 326,
                "w": 165,
                "h": 43
            },
            "rotated": false,
            "trimmed": false,
            "spriteSourceSize": {
                "x": 0,
                "y": 0,
                "w": 165,
                "h": 43
            },
            "sourceSize": {
                "w": 165,
                "h": 43
            }
        },
        "duty_common_30": {
            "frame": {
                "x": 1737,
                "y": 326,
                "w": 165,
                "h": 43
            },
            "rotated": false,
            "trimmed": false,
            "spriteSourceSize": {
                "x": 0,
                "y": 0,
                "w": 165,
                "h": 43
            },
            "sourceSize": {
                "w": 165,
                "h": 43
            }
        },
        "duty_common_31": {
            "frame": {
                "x": 1567,
                "y": 326,
                "w": 165,
                "h": 43
            },
            "rotated": false,
            "trimmed": false,
            "spriteSourceSize": {
                "x": 0,
                "y": 0,
                "w": 165,
                "h": 43
            },
            "sourceSize": {
                "w": 165,
                "h": 43
            }
        },
        "duty_common_32": {
            "frame": {
                "x": 2067,
                "y": 54,
                "w": 165,
                "h": 43
            },
            "rotated": false,
            "trimmed": false,
            "spriteSourceSize": {
                "x": 0,
                "y": 0,
                "w": 165,
                "h": 43
            },
            "sourceSize": {
                "w": 165,
                "h": 43
            }
        },
        "duty_common_33": {
            "frame": {
                "x": 1397,
                "y": 326,
                "w": 165,
                "h": 43
            },
            "rotated": false,
            "trimmed": false,
            "spriteSourceSize": {
                "x": 0,
                "y": 0,
                "w": 165,
                "h": 43
            },
            "sourceSize": {
                "w": 165,
                "h": 43
            }
        },
        "duty_common_34": {
            "frame": {
                "x": 1580,
                "y": 487,
                "w": 78,
                "h": 78
            },
            "rotated": false,
            "trimmed": false,
            "spriteSourceSize": {
                "x": 0,
                "y": 0,
                "w": 78,
                "h": 78
            },
            "sourceSize": {
                "w": 78,
                "h": 78
            }
        },
        "duty_common_35": {
            "frame": {
                "x": 1663,
                "y": 487,
                "w": 78,
                "h": 78
            },
            "rotated": false,
            "trimmed": false,
            "spriteSourceSize": {
                "x": 0,
                "y": 0,
                "w": 78,
                "h": 78
            },
            "sourceSize": {
                "w": 78,
                "h": 78
            }
        },
        "duty_common_36": {
            "frame": {
                "x": 1746,
                "y": 487,
                "w": 78,
                "h": 78
            },
            "rotated": false,
            "trimmed": false,
            "spriteSourceSize": {
                "x": 0,
                "y": 0,
                "w": 78,
                "h": 78
            },
            "sourceSize": {
                "w": 78,
                "h": 78
            }
        },
        "duty_common_37": {
            "frame": {
                "x": 1497,
                "y": 487,
                "w": 78,
                "h": 78
            },
            "rotated": false,
            "trimmed": false,
            "spriteSourceSize": {
                "x": 0,
                "y": 0,
                "w": 78,
                "h": 78
            },
            "sourceSize": {
                "w": 78,
                "h": 78
            }
        },
        "duty_common_38": {
            "frame": {
                "x": 1414,
                "y": 487,
                "w": 78,
                "h": 78
            },
            "rotated": false,
            "trimmed": false,
            "spriteSourceSize": {
                "x": 0,
                "y": 0,
                "w": 78,
                "h": 78
            },
            "sourceSize": {
                "w": 78,
                "h": 78
            }
        },
        "duty_common_39": {
            "frame": {
                "x": 1165,
                "y": 487,
                "w": 78,
                "h": 78
            },
            "rotated": false,
            "trimmed": false,
            "spriteSourceSize": {
                "x": 0,
                "y": 0,
                "w": 78,
                "h": 78
            },
            "sourceSize": {
                "w": 78,
                "h": 78
            }
        },
        "duty_common_40": {
            "frame": {
                "x": 1331,
                "y": 487,
                "w": 78,
                "h": 78
            },
            "rotated": false,
            "trimmed": false,
            "spriteSourceSize": {
                "x": 0,
                "y": 0,
                "w": 78,
                "h": 78
            },
            "sourceSize": {
                "w": 78,
                "h": 78
            }
        },
        "duty_common_41": {
            "frame": {
                "x": 1248,
                "y": 487,
                "w": 78,
                "h": 78
            },
            "rotated": false,
            "trimmed": false,
            "spriteSourceSize": {
                "x": 0,
                "y": 0,
                "w": 78,
                "h": 78
            },
            "sourceSize": {
                "w": 78,
                "h": 78
            }
        },
        "duty_common_42": {
            "frame": {
                "x": 1281,
                "y": 326,
                "w": 111,
                "h": 156
            },
            "rotated": false,
            "trimmed": false,
            "spriteSourceSize": {
                "x": 0,
                "y": 0,
                "w": 111,
                "h": 156
            },
            "sourceSize": {
                "w": 111,
                "h": 156
            }
        },
        "duty_common_43": {
            "frame": {
                "x": 1165,
                "y": 326,
                "w": 111,
                "h": 156
            },
            "rotated": false,
            "trimmed": false,
            "spriteSourceSize": {
                "x": 0,
                "y": 0,
                "w": 111,
                "h": 156
            },
            "sourceSize": {
                "w": 111,
                "h": 156
            }
        },
        "duty_common_44": {
            "frame": {
                "x": 2334,
                "y": 102,
                "w": 27,
                "h": 27
            },
            "rotated": false,
            "trimmed": false,
            "spriteSourceSize": {
                "x": 0,
                "y": 0,
                "w": 27,
                "h": 27
            },
            "sourceSize": {
                "w": 27,
                "h": 27
            }
        },
        "duty_common_45": {
            "frame": {
                "x": 2131,
                "y": 212,
                "w": 27,
                "h": 27
            },
            "rotated": false,
            "trimmed": false,
            "spriteSourceSize": {
                "x": 0,
                "y": 0,
                "w": 27,
                "h": 27
            },
            "sourceSize": {
                "w": 27,
                "h": 27
            }
        },
        "duty_common_46": {
            "frame": {
                "x": 0,
                "y": 0,
                "w": 210,
                "h": 720
            },
            "rotated": false,
            "trimmed": false,
            "spriteSourceSize": {
                "x": 0,
                "y": 0,
                "w": 210,
                "h": 720
            },
            "sourceSize": {
                "w": 210,
                "h": 720
            }
        },
        "duty_common_47": {
            "frame": {
                "x": 2247,
                "y": 374,
                "w": 75,
                "h": 34
            },
            "rotated": false,
            "trimmed": false,
            "spriteSourceSize": {
                "x": 0,
                "y": 0,
                "w": 75,
                "h": 34
            },
            "sourceSize": {
                "w": 75,
                "h": 34
            }
        },
        "duty_common_48": {
            "frame": {
                "x": 1165,
                "y": 0,
                "w": 1200,
                "h": 49
            },
            "rotated": false,
            "trimmed": false,
            "spriteSourceSize": {
                "x": 0,
                "y": 0,
                "w": 1200,
                "h": 49
            },
            "sourceSize": {
                "w": 1200,
                "h": 49
            }
        },
        "duty_common_49": {
            "frame": {
                "x": 2302,
                "y": 102,
                "w": 27,
                "h": 27
            },
            "rotated": false,
            "trimmed": false,
            "spriteSourceSize": {
                "x": 0,
                "y": 0,
                "w": 27,
                "h": 27
            },
            "sourceSize": {
                "w": 27,
                "h": 27
            }
        },
        "duty_common_50": {
            "frame": {
                "x": 2192,
                "y": 102,
                "w": 105,
                "h": 27
            },
            "rotated": false,
            "trimmed": false,
            "spriteSourceSize": {
                "x": 0,
                "y": 0,
                "w": 105,
                "h": 27
            },
            "sourceSize": {
                "w": 105,
                "h": 27
            }
        },
        "duty_common_51": {
            "frame": {
                "x": 1645,
                "y": 245,
                "w": 372,
                "h": 30
            },
            "rotated": false,
            "trimmed": false,
            "spriteSourceSize": {
                "x": 0,
                "y": 0,
                "w": 372,
                "h": 30
            },
            "sourceSize": {
                "w": 372,
                "h": 30
            }
        },
        "duty_common_52": {
            "frame": {
                "x": 1645,
                "y": 280,
                "w": 372,
                "h": 30
            },
            "rotated": false,
            "trimmed": false,
            "spriteSourceSize": {
                "x": 0,
                "y": 0,
                "w": 372,
                "h": 30
            },
            "sourceSize": {
                "w": 372,
                "h": 30
            }
        }
    },
    "meta": {
        "app": "https://github.com/Ensighten/spritesmith",
        "image": "duty_common.png",
        "format": "RGBA8888",
        "size": {
            "w": 2365,
            "h": 720
        },
        "scale": 1
    }
}