{
    "frames": {
        "revamp_box_0": {
            "frame": {
                "x": 876,
                "y": 259,
                "w": 12,
                "h": 12
            },
            "rotated": false,
            "trimmed": false,
            "spriteSourceSize": {
                "x": 0,
                "y": 0,
                "w": 12,
                "h": 12
            },
            "sourceSize": {
                "w": 12,
                "h": 12
            }
        },
        "revamp_box_1": {
            "frame": {
                "x": 462,
                "y": 0,
                "w": 427,
                "h": 162
            },
            "rotated": false,
            "trimmed": false,
            "spriteSourceSize": {
                "x": 0,
                "y": 0,
                "w": 427,
                "h": 162
            },
            "sourceSize": {
                "w": 427,
                "h": 162
            }
        },
        "revamp_box_2": {
            "frame": {
                "x": 0,
                "y": 0,
                "w": 457,
                "h": 192
            },
            "rotated": false,
            "trimmed": false,
            "spriteSourceSize": {
                "x": 0,
                "y": 0,
                "w": 457,
                "h": 192
            },
            "sourceSize": {
                "w": 457,
                "h": 192
            }
        },
        "revamp_box_3": {
            "frame": {
                "x": 0,
                "y": 197,
                "w": 427,
                "h": 162
            },
            "rotated": false,
            "trimmed": false,
            "spriteSourceSize": {
                "x": 0,
                "y": 0,
                "w": 427,
                "h": 162
            },
            "sourceSize": {
                "w": 427,
                "h": 162
            }
        },
        "revamp_box_4": {
            "frame": {
                "x": 679,
                "y": 364,
                "w": 141,
                "h": 30
            },
            "rotated": false,
            "trimmed": false,
            "spriteSourceSize": {
                "x": 0,
                "y": 0,
                "w": 141,
                "h": 30
            },
            "sourceSize": {
                "w": 141,
                "h": 30
            }
        },
        "revamp_box_5": {
            "frame": {
                "x": 229,
                "y": 406,
                "w": 141,
                "h": 30
            },
            "rotated": false,
            "trimmed": false,
            "spriteSourceSize": {
                "x": 0,
                "y": 0,
                "w": 141,
                "h": 30
            },
            "sourceSize": {
                "w": 141,
                "h": 30
            }
        },
        "revamp_box_6": {
            "frame": {
                "x": 83,
                "y": 406,
                "w": 141,
                "h": 30
            },
            "rotated": false,
            "trimmed": false,
            "spriteSourceSize": {
                "x": 0,
                "y": 0,
                "w": 141,
                "h": 30
            },
            "sourceSize": {
                "w": 141,
                "h": 30
            }
        },
        "revamp_box_7": {
            "frame": {
                "x": 847,
                "y": 259,
                "w": 24,
                "h": 24
            },
            "rotated": false,
            "trimmed": false,
            "spriteSourceSize": {
                "x": 0,
                "y": 0,
                "w": 24,
                "h": 24
            },
            "sourceSize": {
                "w": 24,
                "h": 24
            }
        },
        "revamp_box_8": {
            "frame": {
                "x": 754,
                "y": 290,
                "w": 88,
                "h": 24
            },
            "rotated": false,
            "trimmed": false,
            "spriteSourceSize": {
                "x": 0,
                "y": 0,
                "w": 88,
                "h": 24
            },
            "sourceSize": {
                "w": 88,
                "h": 24
            }
        },
        "revamp_box_9": {
            "frame": {
                "x": 754,
                "y": 259,
                "w": 88,
                "h": 24
            },
            "rotated": false,
            "trimmed": false,
            "spriteSourceSize": {
                "x": 0,
                "y": 0,
                "w": 88,
                "h": 24
            },
            "sourceSize": {
                "w": 88,
                "h": 24
            }
        },
        "revamp_box_10": {
            "frame": {
                "x": 462,
                "y": 218,
                "w": 141,
                "h": 67
            },
            "rotated": false,
            "trimmed": false,
            "spriteSourceSize": {
                "x": 0,
                "y": 0,
                "w": 141,
                "h": 67
            },
            "sourceSize": {
                "w": 141,
                "h": 67
            }
        },
        "revamp_box_11": {
            "frame": {
                "x": 608,
                "y": 218,
                "w": 141,
                "h": 67
            },
            "rotated": false,
            "trimmed": false,
            "spriteSourceSize": {
                "x": 0,
                "y": 0,
                "w": 141,
                "h": 67
            },
            "sourceSize": {
                "w": 141,
                "h": 67
            }
        },
        "revamp_box_12": {
            "frame": {
                "x": 608,
                "y": 290,
                "w": 141,
                "h": 37
            },
            "rotated": false,
            "trimmed": false,
            "spriteSourceSize": {
                "x": 0,
                "y": 0,
                "w": 141,
                "h": 37
            },
            "sourceSize": {
                "w": 141,
                "h": 37
            }
        },
        "revamp_box_13": {
            "frame": {
                "x": 83,
                "y": 364,
                "w": 141,
                "h": 37
            },
            "rotated": false,
            "trimmed": false,
            "spriteSourceSize": {
                "x": 0,
                "y": 0,
                "w": 141,
                "h": 37
            },
            "sourceSize": {
                "w": 141,
                "h": 37
            }
        },
        "revamp_box_14": {
            "frame": {
                "x": 462,
                "y": 290,
                "w": 141,
                "h": 37
            },
            "rotated": false,
            "trimmed": false,
            "spriteSourceSize": {
                "x": 0,
                "y": 0,
                "w": 141,
                "h": 37
            },
            "sourceSize": {
                "w": 141,
                "h": 37
            }
        },
        "revamp_box_15": {
            "frame": {
                "x": 0,
                "y": 364,
                "w": 78,
                "h": 78
            },
            "rotated": false,
            "trimmed": false,
            "spriteSourceSize": {
                "x": 0,
                "y": 0,
                "w": 78,
                "h": 78
            },
            "sourceSize": {
                "w": 78,
                "h": 78
            }
        },
        "revamp_box_16": {
            "frame": {
                "x": 462,
                "y": 167,
                "w": 340,
                "h": 46
            },
            "rotated": false,
            "trimmed": false,
            "spriteSourceSize": {
                "x": 0,
                "y": 0,
                "w": 340,
                "h": 46
            },
            "sourceSize": {
                "w": 340,
                "h": 46
            }
        },
        "revamp_box_17": {
            "frame": {
                "x": 754,
                "y": 218,
                "w": 120,
                "h": 36
            },
            "rotated": false,
            "trimmed": false,
            "spriteSourceSize": {
                "x": 0,
                "y": 0,
                "w": 120,
                "h": 36
            },
            "sourceSize": {
                "w": 120,
                "h": 36
            }
        },
        "revamp_box_18": {
            "frame": {
                "x": 407,
                "y": 406,
                "w": 27,
                "h": 27
            },
            "rotated": false,
            "trimmed": false,
            "spriteSourceSize": {
                "x": 0,
                "y": 0,
                "w": 27,
                "h": 27
            },
            "sourceSize": {
                "w": 27,
                "h": 27
            }
        },
        "revamp_box_19": {
            "frame": {
                "x": 807,
                "y": 167,
                "w": 45,
                "h": 45
            },
            "rotated": false,
            "trimmed": false,
            "spriteSourceSize": {
                "x": 0,
                "y": 0,
                "w": 45,
                "h": 45
            },
            "sourceSize": {
                "w": 45,
                "h": 45
            }
        },
        "revamp_box_20": {
            "frame": {
                "x": 439,
                "y": 406,
                "w": 27,
                "h": 27
            },
            "rotated": false,
            "trimmed": false,
            "spriteSourceSize": {
                "x": 0,
                "y": 0,
                "w": 27,
                "h": 27
            },
            "sourceSize": {
                "w": 27,
                "h": 27
            }
        },
        "revamp_box_21": {
            "frame": {
                "x": 375,
                "y": 406,
                "w": 27,
                "h": 27
            },
            "rotated": false,
            "trimmed": false,
            "spriteSourceSize": {
                "x": 0,
                "y": 0,
                "w": 27,
                "h": 27
            },
            "sourceSize": {
                "w": 27,
                "h": 27
            }
        },
        "revamp_box_22": {
            "frame": {
                "x": 471,
                "y": 406,
                "w": 27,
                "h": 27
            },
            "rotated": false,
            "trimmed": false,
            "spriteSourceSize": {
                "x": 0,
                "y": 0,
                "w": 27,
                "h": 27
            },
            "sourceSize": {
                "w": 27,
                "h": 27
            }
        },
        "revamp_box_23": {
            "frame": {
                "x": 825,
                "y": 364,
                "w": 27,
                "h": 27
            },
            "rotated": false,
            "trimmed": false,
            "spriteSourceSize": {
                "x": 0,
                "y": 0,
                "w": 27,
                "h": 27
            },
            "sourceSize": {
                "w": 27,
                "h": 27
            }
        },
        "revamp_box_24": {
            "frame": {
                "x": 857,
                "y": 364,
                "w": 27,
                "h": 27
            },
            "rotated": false,
            "trimmed": false,
            "spriteSourceSize": {
                "x": 0,
                "y": 0,
                "w": 27,
                "h": 27
            },
            "sourceSize": {
                "w": 27,
                "h": 27
            }
        },
        "revamp_box_25": {
            "frame": {
                "x": 870,
                "y": 290,
                "w": 12,
                "h": 12
            },
            "rotated": false,
            "trimmed": false,
            "spriteSourceSize": {
                "x": 0,
                "y": 0,
                "w": 12,
                "h": 12
            },
            "sourceSize": {
                "w": 12,
                "h": 12
            }
        },
        "revamp_box_26": {
            "frame": {
                "x": 462,
                "y": 332,
                "w": 67,
                "h": 13
            },
            "rotated": false,
            "trimmed": false,
            "spriteSourceSize": {
                "x": 0,
                "y": 0,
                "w": 67,
                "h": 13
            },
            "sourceSize": {
                "w": 67,
                "h": 13
            }
        },
        "revamp_box_27": {
            "frame": {
                "x": 847,
                "y": 290,
                "w": 18,
                "h": 18
            },
            "rotated": false,
            "trimmed": false,
            "spriteSourceSize": {
                "x": 0,
                "y": 0,
                "w": 18,
                "h": 18
            },
            "sourceSize": {
                "w": 18,
                "h": 18
            }
        },
        "revamp_box_28": {
            "frame": {
                "x": 857,
                "y": 167,
                "w": 30,
                "h": 30
            },
            "rotated": false,
            "trimmed": false,
            "spriteSourceSize": {
                "x": 0,
                "y": 0,
                "w": 30,
                "h": 30
            },
            "sourceSize": {
                "w": 30,
                "h": 30
            }
        },
        "revamp_box_29": {
            "frame": {
                "x": 857,
                "y": 202,
                "w": 10,
                "h": 9
            },
            "rotated": false,
            "trimmed": false,
            "spriteSourceSize": {
                "x": 0,
                "y": 0,
                "w": 10,
                "h": 9
            },
            "sourceSize": {
                "w": 10,
                "h": 9
            }
        },
        "revamp_box_30": {
            "frame": {
                "x": 529,
                "y": 364,
                "w": 145,
                "h": 33
            },
            "rotated": false,
            "trimmed": false,
            "spriteSourceSize": {
                "x": 0,
                "y": 0,
                "w": 145,
                "h": 33
            },
            "sourceSize": {
                "w": 145,
                "h": 33
            }
        },
        "revamp_box_31": {
            "frame": {
                "x": 379,
                "y": 364,
                "w": 145,
                "h": 33
            },
            "rotated": false,
            "trimmed": false,
            "spriteSourceSize": {
                "x": 0,
                "y": 0,
                "w": 145,
                "h": 33
            },
            "sourceSize": {
                "w": 145,
                "h": 33
            }
        },
        "revamp_box_32": {
            "frame": {
                "x": 229,
                "y": 364,
                "w": 145,
                "h": 33
            },
            "rotated": false,
            "trimmed": false,
            "spriteSourceSize": {
                "x": 0,
                "y": 0,
                "w": 145,
                "h": 33
            },
            "sourceSize": {
                "w": 145,
                "h": 33
            }
        },
        "revamp_box_33": {
            "frame": {
                "x": 534,
                "y": 332,
                "w": 12,
                "h": 12
            },
            "rotated": false,
            "trimmed": false,
            "spriteSourceSize": {
                "x": 0,
                "y": 0,
                "w": 12,
                "h": 12
            },
            "sourceSize": {
                "w": 12,
                "h": 12
            }
        }
    },
    "meta": {
        "app": "https://github.com/Ensighten/spritesmith",
        "image": "revamp_box.png",
        "format": "RGBA8888",
        "size": {
            "w": 889,
            "h": 442
        },
        "scale": 1
    }
}