{
    "frames": {
        "revamp_list_0": {
            "frame": {
                "x": 0,
                "y": 0,
                "w": 1056,
                "h": 580
            },
            "rotated": false,
            "trimmed": false,
            "spriteSourceSize": {
                "x": 0,
                "y": 0,
                "w": 1056,
                "h": 580
            },
            "sourceSize": {
                "w": 1056,
                "h": 580
            }
        },
        "revamp_list_1": {
            "frame": {
                "x": 1602,
                "y": 611,
                "w": 12,
                "h": 12
            },
            "rotated": false,
            "trimmed": false,
            "spriteSourceSize": {
                "x": 0,
                "y": 0,
                "w": 12,
                "h": 12
            },
            "sourceSize": {
                "w": 12,
                "h": 12
            }
        },
        "revamp_list_2": {
            "frame": {
                "x": 1636,
                "y": 611,
                "w": 12,
                "h": 12
            },
            "rotated": false,
            "trimmed": false,
            "spriteSourceSize": {
                "x": 0,
                "y": 0,
                "w": 12,
                "h": 12
            },
            "sourceSize": {
                "w": 12,
                "h": 12
            }
        },
        "revamp_list_3": {
            "frame": {
                "x": 1602,
                "y": 585,
                "w": 82,
                "h": 21
            },
            "rotated": false,
            "trimmed": false,
            "spriteSourceSize": {
                "x": 0,
                "y": 0,
                "w": 82,
                "h": 21
            },
            "sourceSize": {
                "w": 82,
                "h": 21
            }
        },
        "revamp_list_4": {
            "frame": {
                "x": 420,
                "y": 689,
                "w": 129,
                "h": 45
            },
            "rotated": false,
            "trimmed": false,
            "spriteSourceSize": {
                "x": 0,
                "y": 0,
                "w": 129,
                "h": 45
            },
            "sourceSize": {
                "w": 129,
                "h": 45
            }
        },
        "revamp_list_5": {
            "frame": {
                "x": 286,
                "y": 689,
                "w": 129,
                "h": 45
            },
            "rotated": false,
            "trimmed": false,
            "spriteSourceSize": {
                "x": 0,
                "y": 0,
                "w": 129,
                "h": 45
            },
            "sourceSize": {
                "w": 129,
                "h": 45
            }
        },
        "revamp_list_6": {
            "frame": {
                "x": 1552,
                "y": 585,
                "w": 45,
                "h": 42
            },
            "rotated": false,
            "trimmed": false,
            "spriteSourceSize": {
                "x": 0,
                "y": 0,
                "w": 45,
                "h": 42
            },
            "sourceSize": {
                "w": 45,
                "h": 42
            }
        },
        "revamp_list_7": {
            "frame": {
                "x": 0,
                "y": 689,
                "w": 138,
                "h": 63
            },
            "rotated": false,
            "trimmed": false,
            "spriteSourceSize": {
                "x": 0,
                "y": 0,
                "w": 138,
                "h": 63
            },
            "sourceSize": {
                "w": 138,
                "h": 63
            }
        },
        "revamp_list_8": {
            "frame": {
                "x": 143,
                "y": 689,
                "w": 138,
                "h": 63
            },
            "rotated": false,
            "trimmed": false,
            "spriteSourceSize": {
                "x": 0,
                "y": 0,
                "w": 138,
                "h": 63
            },
            "sourceSize": {
                "w": 138,
                "h": 63
            }
        },
        "revamp_list_9": {
            "frame": {
                "x": 0,
                "y": 639,
                "w": 487,
                "h": 45
            },
            "rotated": false,
            "trimmed": false,
            "spriteSourceSize": {
                "x": 0,
                "y": 0,
                "w": 487,
                "h": 45
            },
            "sourceSize": {
                "w": 487,
                "h": 45
            }
        },
        "revamp_list_10": {
            "frame": {
                "x": 1619,
                "y": 611,
                "w": 12,
                "h": 12
            },
            "rotated": false,
            "trimmed": false,
            "spriteSourceSize": {
                "x": 0,
                "y": 0,
                "w": 12,
                "h": 12
            },
            "sourceSize": {
                "w": 12,
                "h": 12
            }
        },
        "revamp_list_11": {
            "frame": {
                "x": 1117,
                "y": 639,
                "w": 18,
                "h": 18
            },
            "rotated": false,
            "trimmed": false,
            "spriteSourceSize": {
                "x": 0,
                "y": 0,
                "w": 18,
                "h": 18
            },
            "sourceSize": {
                "w": 18,
                "h": 18
            }
        },
        "revamp_list_12": {
            "frame": {
                "x": 1082,
                "y": 639,
                "w": 30,
                "h": 30
            },
            "rotated": false,
            "trimmed": false,
            "spriteSourceSize": {
                "x": 0,
                "y": 0,
                "w": 30,
                "h": 30
            },
            "sourceSize": {
                "w": 30,
                "h": 30
            }
        },
        "revamp_list_13": {
            "frame": {
                "x": 1061,
                "y": 0,
                "w": 630,
                "h": 580
            },
            "rotated": false,
            "trimmed": false,
            "spriteSourceSize": {
                "x": 0,
                "y": 0,
                "w": 630,
                "h": 580
            },
            "sourceSize": {
                "w": 630,
                "h": 580
            }
        },
        "revamp_list_14": {
            "frame": {
                "x": 492,
                "y": 639,
                "w": 585,
                "h": 31
            },
            "rotated": false,
            "trimmed": false,
            "spriteSourceSize": {
                "x": 0,
                "y": 0,
                "w": 585,
                "h": 31
            },
            "sourceSize": {
                "w": 585,
                "h": 31
            }
        },
        "revamp_list_15": {
            "frame": {
                "x": 1205,
                "y": 585,
                "w": 342,
                "h": 43
            },
            "rotated": false,
            "trimmed": false,
            "spriteSourceSize": {
                "x": 0,
                "y": 0,
                "w": 342,
                "h": 43
            },
            "sourceSize": {
                "w": 342,
                "h": 43
            }
        },
        "revamp_list_16": {
            "frame": {
                "x": 554,
                "y": 689,
                "w": 45,
                "h": 45
            },
            "rotated": false,
            "trimmed": false,
            "spriteSourceSize": {
                "x": 0,
                "y": 0,
                "w": 45,
                "h": 45
            },
            "sourceSize": {
                "w": 45,
                "h": 45
            }
        },
        "revamp_list_17": {
            "frame": {
                "x": 727,
                "y": 689,
                "w": 36,
                "h": 45
            },
            "rotated": false,
            "trimmed": false,
            "spriteSourceSize": {
                "x": 0,
                "y": 0,
                "w": 36,
                "h": 45
            },
            "sourceSize": {
                "w": 36,
                "h": 45
            }
        },
        "revamp_list_18": {
            "frame": {
                "x": 768,
                "y": 689,
                "w": 36,
                "h": 45
            },
            "rotated": false,
            "trimmed": false,
            "spriteSourceSize": {
                "x": 0,
                "y": 0,
                "w": 36,
                "h": 45
            },
            "sourceSize": {
                "w": 36,
                "h": 45
            }
        },
        "revamp_list_19": {
            "frame": {
                "x": 604,
                "y": 689,
                "w": 36,
                "h": 45
            },
            "rotated": false,
            "trimmed": false,
            "spriteSourceSize": {
                "x": 0,
                "y": 0,
                "w": 36,
                "h": 45
            },
            "sourceSize": {
                "w": 36,
                "h": 45
            }
        },
        "revamp_list_20": {
            "frame": {
                "x": 850,
                "y": 689,
                "w": 36,
                "h": 45
            },
            "rotated": false,
            "trimmed": false,
            "spriteSourceSize": {
                "x": 0,
                "y": 0,
                "w": 36,
                "h": 45
            },
            "sourceSize": {
                "w": 36,
                "h": 45
            }
        },
        "revamp_list_21": {
            "frame": {
                "x": 809,
                "y": 689,
                "w": 36,
                "h": 45
            },
            "rotated": false,
            "trimmed": false,
            "spriteSourceSize": {
                "x": 0,
                "y": 0,
                "w": 36,
                "h": 45
            },
            "sourceSize": {
                "w": 36,
                "h": 45
            }
        },
        "revamp_list_22": {
            "frame": {
                "x": 686,
                "y": 689,
                "w": 36,
                "h": 45
            },
            "rotated": false,
            "trimmed": false,
            "spriteSourceSize": {
                "x": 0,
                "y": 0,
                "w": 36,
                "h": 45
            },
            "sourceSize": {
                "w": 36,
                "h": 45
            }
        },
        "revamp_list_23": {
            "frame": {
                "x": 645,
                "y": 689,
                "w": 36,
                "h": 45
            },
            "rotated": false,
            "trimmed": false,
            "spriteSourceSize": {
                "x": 0,
                "y": 0,
                "w": 36,
                "h": 45
            },
            "sourceSize": {
                "w": 36,
                "h": 45
            }
        },
        "revamp_list_24": {
            "frame": {
                "x": 0,
                "y": 585,
                "w": 1200,
                "h": 49
            },
            "rotated": false,
            "trimmed": false,
            "spriteSourceSize": {
                "x": 0,
                "y": 0,
                "w": 1200,
                "h": 49
            },
            "sourceSize": {
                "w": 1200,
                "h": 49
            }
        }
    },
    "meta": {
        "app": "https://github.com/Ensighten/spritesmith",
        "image": "revamp_list.png",
        "format": "RGBA8888",
        "size": {
            "w": 1691,
            "h": 752
        },
        "scale": 1
    }
}